Score_1,X_pos_1, Y_pos_1, Score_2,X_pos_2, Y_pos_2, Score_3,X_pos_3, Y_pos_3, Score_4,X_pos_4, Y_pos_4, Score_5,X_pos_5, Y_pos_5, Score_6,X_pos_6, Y_pos_6, Score_7,X_pos_7, Y_pos_7, Score_8,X_pos_8, Y_pos_8, Score_9,X_pos_9, Y_pos_9, Score_10,X_pos_10, Y_pos_10, Score_11,X_pos_11, Y_pos_11, Score_12,X_pos_12, Y_pos_12, Score_13,X_pos_13, Y_pos_13, Score_14,X_pos_14, Y_pos_14, Score_15,X_pos_15, Y_pos_15, Score_16,X_pos_16, Y_pos_16, Score_17,X_pos_17, Y_pos_17
1,314,86,1,318,76,1,304,80,0.99,329,79,0.95,297,85,0.99,353,124,0.99,290,126,0.96,359,177,0.99,288,177,0.88,342,226,0.98,294,218,0.96,345,210,0.96,303,216,0.94,345,267,0.9,278,271,0.46,340,403,0.33,281,394
1,314,85,1,318,76,1,305,80,0.99,331,80,0.94,298,85,0.99,353,125,0.99,289,126,0.97,358,182,0.99,287,179,0.93,337,228,0.97,292,220,0.96,345,213,0.97,300,213,0.94,346,268,0.87,277,268,0.8,339,404,0.63,277,394
1,315,85,1,322,76,1,305,80,0.98,330,80,0.97,297,85,0.99,353,126,0.99,289,127,0.97,358,185,0.99,288,178,0.96,343,227,0.97,293,219,0.96,345,210,0.95,301,213,0.92,343,271,0.82,277,269,0.81,339,405,0.38,279,396
1,315,85,1,320,75,1,305,79,0.99,331,80,0.97,297,86,0.99,353,125,0.99,289,126,0.97,359,183,0.99,288,178,0.93,338,228,0.98,292,219,0.95,346,211,0.96,300,215,0.91,344,269,0.84,277,269,0.81,338,403,0.35,278,395
1,315,84,1,320,75,1,305,79,0.99,330,80,0.97,297,85,0.99,352,126,1,289,126,0.97,358,183,0.99,288,176,0.88,340,226,0.98,292,218,0.96,344,211,0.97,299,214,0.94,347,270,0.82,276,268,0.81,342,402,0.44,278,394
1,314,85,1,319,75,1,305,79,0.99,329,80,0.96,297,85,0.99,352,125,0.99,289,127,0.98,357,183,0.99,291,183,0.96,337,230,0.97,292,220,0.97,346,217,0.96,302,217,0.95,347,268,0.84,278,267,0.79,339,403,0.36,279,395
1,314,85,1,318,75,1,304,79,0.99,330,80,0.95,297,85,0.99,353,125,0.99,287,126,0.98,358,183,0.98,290,185,0.94,334,230,0.96,291,220,0.94,347,215,0.95,302,219,0.95,346,264,0.72,275,271,0.7,339,404,0.41,279,397
1,313,85,1,317,75,1,304,79,0.99,330,80,0.93,297,85,0.99,353,126,0.99,289,126,0.98,357,184,0.98,288,179,0.97,335,230,0.97,292,219,0.94,348,216,0.95,302,218,0.91,345,267,0.75,275,268,0.81,340,405,0.36,280,393
1,315,84,1,320,75,1,305,79,0.99,330,79,0.97,297,85,0.99,353,125,0.99,289,126,0.97,358,181,0.98,291,183,0.96,340,230,0.97,292,220,0.95,345,211,0.97,301,217,0.95,346,271,0.79,277,270,0.75,340,403,0.47,279,393
1,314,85,1,319,76,1,305,79,0.99,330,80,0.96,297,85,0.99,353,126,0.99,289,126,0.98,356,182,0.98,289,180,0.96,339,227,0.97,291,220,0.97,343,212,0.97,301,217,0.95,343,267,0.84,277,268,0.73,338,406,0.28,278,393
1,314,85,1,320,75,1,305,79,0.99,331,81,0.96,297,84,0.99,352,125,0.99,288,126,0.98,356,184,0.98,288,179,0.96,338,230,0.98,293,219,0.94,347,215,0.96,302,218,0.97,346,267,0.83,277,268,0.66,340,406,0.44,278,393
1,314,85,1,320,75,1,305,79,0.99,331,80,0.96,297,84,0.99,352,125,0.99,288,126,0.97,357,183,0.98,288,179,0.97,330,230,0.96,292,220,0.95,346,214,0.96,301,219,0.95,344,261,0.81,275,270,0.69,341,403,0.3,282,397
1,314,85,1,319,75,1,305,79,0.99,330,80,0.97,297,85,0.99,353,125,0.99,288,127,0.97,357,180,0.98,288,184,0.96,338,231,0.96,295,223,0.93,345,209,0.92,304,217,0.95,343,271,0.8,351,272,0.78,339,404,0.44,277,392
1,314,86,1,321,77,1,305,80,0.99,330,81,0.95,297,85,0.99,353,126,0.99,288,126,0.98,357,184,0.98,288,183,0.96,339,230,0.94,294,224,0.95,343,214,0.96,302,218,0.96,346,266,0.76,276,267,0.57,339,403,0.29,278,391
1,314,84,1,319,75,1,305,78,0.98,330,80,0.94,297,84,0.99,352,125,0.99,289,126,0.98,357,183,0.98,292,183,0.98,333,230,0.97,292,220,0.94,345,213,0.93,302,219,0.94,346,264,0.58,276,266,0.85,340,403,0.39,279,398
1,314,85,1,320,75,1,305,79,0.99,331,80,0.97,297,85,0.99,354,127,0.99,288,126,0.98,357,185,0.98,288,179,0.94,332,230,0.97,294,221,0.96,344,214,0.95,301,217,0.94,345,266,0.78,277,269,0.87,340,405,0.48,281,394
1,315,84,1,322,75,1,305,79,0.98,330,79,0.97,297,85,0.99,352,125,0.99,289,126,0.97,358,181,0.98,291,182,0.94,338,231,0.97,293,220,0.94,346,217,0.95,301,220,0.96,346,268,0.75,276,266,0.78,341,402,0.36,278,395
1,315,85,1,321,76,1,305,79,0.99,330,80,0.97,297,84,0.99,354,126,0.99,288,127,0.98,356,184,0.99,291,184,0.94,334,231,0.96,294,222,0.95,345,214,0.95,302,219,0.95,346,271,0.82,278,270,0.75,341,403,0.54,280,393
1,315,83,1,321,75,1,305,77,0.99,331,80,0.96,297,85,0.99,353,125,1,289,127,0.97,359,183,0.99,290,183,0.96,336,230,0.96,294,221,0.94,346,213,0.96,301,220,0.94,341,267,0.8,277,271,0.71,340,404,0.41,276,400
1,315,84,1,322,75,1,305,79,0.99,331,80,0.97,298,86,0.99,354,126,0.99,288,126,0.98,357,187,0.99,288,180,0.96,333,231,0.97,295,221,0.94,346,216,0.96,301,218,0.96,347,264,0.78,277,267,0.74,338,405,0.39,332,404
1,315,85,1,321,75,1,305,79,0.98,331,80,0.96,297,85,0.99,353,125,0.99,289,127,0.96,359,181,0.98,287,180,0.91,337,230,0.97,292,220,0.96,344,213,0.96,301,219,0.96,347,265,0.86,277,269,0.83,340,405,0.38,279,395
1,314,85,1,321,76,1,305,80,0.99,331,80,0.96,297,85,0.99,353,126,0.99,288,126,0.97,357,185,0.98,288,181,0.97,333,229,0.97,296,219,0.95,345,213,0.95,301,219,0.96,348,263,0.83,278,268,0.83,342,403,0.66,279,397
1,314,85,1,321,76,1,305,80,0.99,331,81,0.93,298,84,0.99,353,126,0.99,289,127,0.98,356,184,0.98,291,182,0.97,336,231,0.96,293,222,0.94,348,216,0.96,302,220,0.95,346,267,0.81,276,271,0.86,339,405,0.41,279,394
1,315,85,1,321,76,1,305,79,0.99,331,80,0.96,298,85,0.99,354,126,1,289,127,0.97,358,185,0.98,289,179,0.99,334,229,0.97,292,221,0.93,345,214,0.96,301,219,0.93,345,267,0.77,276,267,0.72,340,404,0.21,334,404
1,315,85,1,322,75,1,305,79,0.98,333,77,0.96,298,86,0.99,353,126,0.99,288,127,0.98,357,184,0.98,291,184,0.96,337,230,0.96,294,221,0.95,347,215,0.96,303,217,0.92,346,269,0.75,350,270,0.53,341,404,0.38,279,395
1,315,84,1,320,75,1,305,78,0.98,331,80,0.96,297,85,0.99,353,125,0.99,290,126,0.96,357,183,0.98,291,184,0.93,336,231,0.95,293,221,0.93,345,215,0.96,301,219,0.95,346,266,0.65,275,268,0.78,339,403,0.49,279,395
1,314,85,1,319,75,1,304,79,0.99,330,79,0.93,298,84,0.99,354,126,0.99,290,126,0.98,357,185,0.99,292,184,0.97,335,231,0.94,293,222,0.94,344,216,0.96,303,219,0.89,345,266,0.64,274,269,0.64,340,405,0.59,278,396
1,313,85,1,318,75,1,304,79,0.99,331,81,0.91,297,85,0.99,352,125,0.99,289,127,0.98,359,185,0.99,290,187,0.95,334,232,0.92,294,223,0.96,344,217,0.97,300,222,0.94,346,265,0.85,273,268,0.61,342,404,0.45,278,393
1,314,84,1,320,75,1,304,78,0.99,331,80,0.95,297,85,0.99,353,125,0.99,289,126,0.97,357,181,0.99,291,184,0.97,334,228,0.95,292,222,0.94,344,213,0.95,302,220,0.92,347,264,0.81,276,268,0.76,341,402,0.46,282,396
1,315,84,1,320,75,1,305,79,0.99,331,80,0.97,297,85,0.99,354,126,1,289,126,0.99,355,188,0.99,290,182,0.97,333,232,0.97,291,220,0.95,346,216,0.96,302,220,0.96,347,266,0.78,277,268,0.67,338,403,0.34,280,393
1,313,86,1,319,76,1,304,80,0.99,331,80,0.93,297,86,0.99,353,126,0.99,289,127,0.98,357,185,0.98,288,179,0.97,337,230,0.97,292,218,0.95,346,214,0.94,301,219,0.97,352,268,0.9,276,269,0.72,338,407,0.4,277,392
1,315,84,1,321,75,1,305,78,0.99,331,80,0.98,297,86,0.99,354,125,1,290,127,0.98,356,185,0.98,288,181,0.96,336,231,0.97,291,221,0.96,347,210,0.95,302,217,0.94,351,268,0.82,277,270,0.62,340,402,0.32,279,391
1,314,86,1,321,76,1,305,80,0.99,331,79,0.95,298,85,0.99,355,126,0.99,290,127,0.98,356,185,0.98,289,180,0.96,339,231,0.97,294,220,0.96,345,215,0.92,303,217,0.97,351,270,0.53,278,271,0.82,338,403,0.52,278,392
1,315,85,1,323,76,1,305,80,0.99,331,80,0.97,298,85,0.99,355,126,0.99,291,126,0.98,358,182,0.99,288,179,0.94,338,231,0.97,291,220,0.96,344,212,0.94,301,216,0.98,352,269,0.75,274,269,0.68,340,407,0.25,279,393
1,315,85,1,323,75,1,305,79,0.99,332,80,0.98,299,86,0.99,355,126,0.99,289,127,0.98,358,181,0.98,291,181,0.94,337,231,0.98,292,219,0.96,346,211,0.95,301,219,0.97,349,267,0.68,274,270,0.8,339,406,0.27,334,403
1,315,85,1,323,75,1,305,79,0.99,331,79,0.97,298,85,0.99,354,126,0.99,289,126,0.98,358,183,0.99,288,178,0.97,339,229,0.98,294,220,0.95,346,213,0.96,301,215,0.93,349,270,0.73,275,271,0.78,338,406,0.26,334,406
1,315,85,1,322,76,1,305,80,0.99,331,80,0.98,298,86,0.99,354,126,0.99,289,126,0.98,357,187,0.99,288,179,0.98,333,231,0.98,292,221,0.95,347,213,0.96,301,219,0.96,349,267,0.75,277,269,0.69,340,404,0.33,278,393
1,314,86,1,321,76,1,305,80,0.99,331,80,0.95,299,85,0.99,354,127,0.99,289,126,0.97,357,182,0.99,293,181,0.95,335,231,0.97,294,220,0.95,346,215,0.96,302,218,0.97,350,264,0.73,279,269,0.75,340,406,0.46,278,393
1,319,84,1,324,75,1,305,79,0.98,331,80,0.98,298,86,0.99,355,126,1,289,126,0.98,357,186,0.99,288,178,0.97,332,232,0.98,292,220,0.96,346,214,0.96,301,219,0.96,350,269,0.7,276,272,0.72,339,405,0.35,278,394
1,316,84,1,324,76,1,306,79,0.99,332,81,0.98,298,85,0.99,354,126,1,289,127,0.98,357,185,0.99,289,177,0.97,334,232,0.98,292,219,0.95,347,216,0.96,300,219,0.97,346,275,0.83,279,271,0.76,339,403,0.48,278,390
1,319,84,1,325,75,1,306,78,0.99,332,80,0.98,298,85,0.99,355,126,0.99,288,127,0.97,357,181,0.98,292,182,0.97,339,231,0.96,293,220,0.94,346,213,0.94,301,218,0.97,346,270,0.72,279,270,0.72,340,403,0.51,278,395
1,320,84,1,325,75,1,306,78,0.98,333,77,0.98,298,85,0.99,354,126,0.99,290,127,0.97,358,183,0.98,289,178,0.95,341,230,0.98,292,219,0.95,344,215,0.95,302,217,0.97,349,269,0.65,277,264,0.68,342,402,0.39,279,395
1,319,84,1,325,75,1,306,78,0.98,332,80,0.98,299,85,0.99,354,126,0.99,290,127,0.98,358,184,0.98,289,181,0.95,335,231,0.97,291,220,0.94,345,212,0.93,303,216,0.96,346,267,0.7,276,266,0.79,341,401,0.27,330,399
1,320,84,1,325,75,1,306,79,0.99,333,80,0.98,298,86,0.99,354,126,0.99,291,126,0.98,359,185,0.99,289,176,0.97,339,229,0.98,293,219,0.95,345,216,0.95,301,218,0.95,347,271,0.75,277,269,0.81,339,401,0.38,279,394
1,319,84,1,325,75,1,306,79,0.99,333,80,0.98,299,85,0.99,354,126,1,289,127,0.98,358,183,0.98,289,180,0.97,335,230,0.97,293,220,0.94,345,215,0.95,301,220,0.94,349,268,0.66,277,269,0.81,340,401,0.24,343,402
1,320,84,1,325,75,1,306,78,0.99,333,78,0.98,298,85,0.99,354,125,0.99,290,127,0.97,359,182,0.99,292,183,0.96,336,232,0.97,293,220,0.95,345,218,0.96,301,221,0.9,347,269,0.49,278,263,0.76,340,404,0.23,333,402
1,319,84,1,325,75,1,306,78,0.99,333,79,0.97,298,85,0.99,355,126,0.99,290,127,0.98,358,185,0.99,293,184,0.95,336,231,0.96,293,221,0.94,345,216,0.95,303,218,0.95,344,266,0.57,280,266,0.85,340,405,0.49,281,403
1,316,84,1,324,75,1,305,78,0.99,333,78,0.97,298,85,0.99,354,126,0.99,289,127,0.97,358,185,0.98,289,181,0.95,338,231,0.96,292,221,0.91,345,216,0.94,303,217,0.94,344,268,0.87,281,266,0.82,341,404,0.4,279,393
1,315,84,1,323,75,1,305,79,0.99,332,80,0.97,299,85,0.99,354,126,0.99,290,127,0.97,358,183,0.99,289,180,0.95,338,230,0.96,297,220,0.95,346,214,0.95,300,219,0.97,344,262,0.9,280,264,0.71,342,405,0.22,281,392
1,320,84,1,325,75,1,306,78,0.99,332,80,0.98,298,85,0.99,354,126,0.99,289,127,0.97,356,180,0.98,289,180,0.94,343,231,0.95,297,222,0.94,345,216,0.95,302,217,0.96,341,269,0.85,284,264,0.71,343,403,0.22,280,393
1,320,84,1,325,75,1,306,78,0.99,332,80,0.98,298,85,0.99,354,126,0.99,288,127,0.98,359,183,0.99,292,184,0.95,344,228,0.95,296,221,0.95,344,214,0.95,304,217,0.96,338,270,0.84,282,266,0.81,341,407,0.27,361,358
1,320,84,1,325,75,1,306,79,0.98,332,80,0.98,298,86,0.99,354,126,0.99,289,127,0.96,355,183,0.99,292,181,0.96,343,229,0.96,294,221,0.94,348,217,0.95,303,218,0.96,340,269,0.9,281,268,0.63,343,404,0.17,280,394
1,319,84,1,325,75,1,306,78,0.99,332,79,0.98,299,85,0.99,354,126,0.99,289,126,0.98,357,183,0.99,291,182,0.96,342,229,0.96,293,220,0.95,347,219,0.97,302,220,0.95,338,270,0.9,282,266,0.65,338,406,0.37,362,351
1,319,84,1,324,75,1,306,78,0.98,332,78,0.98,299,85,0.99,354,126,0.99,290,127,0.97,359,180,0.99,292,184,0.97,341,230,0.96,295,221,0.95,346,214,0.93,307,216,0.94,338,269,0.83,282,264,0.71,342,403,0.25,361,356
1,315,84,1,324,76,1,306,78,0.99,332,81,0.98,299,84,0.99,355,127,0.99,289,127,0.98,356,184,0.99,289,178,0.97,341,230,0.96,293,221,0.95,346,217,0.96,302,217,0.95,341,267,0.92,280,269,0.77,343,403,0.6,278,397
1,321,86,1,326,76,1,306,80,0.99,332,79,0.98,298,86,0.99,354,126,0.99,289,127,0.98,357,184,0.99,293,184,0.93,340,229,0.97,294,220,0.94,346,215,0.95,301,217,0.97,341,270,0.93,283,267,0.74,342,404,0.26,280,396
1,316,86,1,324,77,1,306,80,0.99,332,81,0.97,298,84,0.99,355,127,0.99,289,126,0.98,357,180,0.99,289,179,0.94,339,229,0.96,295,220,0.94,344,213,0.95,302,221,0.97,337,265,0.91,284,262,0.63,344,402,0.2,366,361
1,318,84,1,324,75,1,306,79,0.99,332,80,0.98,298,85,0.99,354,125,0.99,289,127,0.97,359,178,0.99,291,184,0.89,343,229,0.96,294,220,0.96,344,213,0.94,300,218,0.98,337,266,0.95,285,267,0.72,343,406,0.22,279,397
1,320,85,1,325,76,1,306,79,0.99,332,80,0.97,298,85,0.99,353,126,0.99,288,127,0.98,358,181,0.98,292,185,0.9,344,230,0.96,294,219,0.94,344,215,0.94,304,215,0.95,338,269,0.95,286,268,0.73,340,406,0.24,345,405
1,316,86,1,324,77,1,306,80,0.99,331,81,0.97,298,84,0.99,353,126,0.99,288,127,0.96,358,181,0.99,293,183,0.89,344,228,0.97,294,218,0.94,346,216,0.95,304,214,0.97,336,269,0.92,284,272,0.79,340,403,0.22,332,404
1,315,85,1,323,76,1,306,79,0.98,331,80,0.95,298,84,0.99,353,126,0.99,289,126,0.98,359,181,0.99,290,181,0.94,340,227,0.97,294,219,0.95,345,217,0.94,301,219,0.96,335,271,0.94,285,267,0.79,340,405,0.3,280,399
1,320,85,1,325,76,1,306,79,0.99,332,79,0.98,298,86,0.99,354,126,0.99,287,127,0.97,358,180,0.98,292,185,0.93,340,228,0.94,297,219,0.95,346,216,0.95,303,216,0.97,335,270,0.91,283,269,0.59,341,404,0.17,363,362
1,315,85,1,322,75,1,305,79,0.98,331,80,0.95,298,84,0.99,354,126,0.99,289,126,0.98,357,183,0.99,292,184,0.97,340,227,0.96,298,221,0.95,346,217,0.96,301,217,0.97,335,268,0.93,285,268,0.67,344,403,0.24,276,399
1,320,84,1,325,75,1,306,78,0.98,333,76,0.98,298,86,0.99,354,127,0.99,289,127,0.99,358,185,0.99,292,184,0.96,340,228,0.97,296,220,0.95,347,214,0.95,304,217,0.97,336,268,0.88,285,265,0.65,341,405,0.17,281,394
1,318,84,1,324,75,1,306,78,0.98,332,79,0.96,298,85,0.99,354,126,0.99,289,127,0.97,361,181,0.99,290,185,0.85,342,228,0.95,296,218,0.95,344,217,0.94,304,217,0.97,338,264,0.82,285,267,0.65,341,403,0.33,280,393
1,320,84,1,325,76,1,306,79,0.98,331,79,0.98,297,85,0.99,354,126,0.99,288,127,0.98,357,182,0.99,290,183,0.97,342,227,0.97,295,220,0.95,347,217,0.97,299,217,0.97,335,269,0.95,285,267,0.6,341,401,0.21,354,379
1,320,84,1,325,75,1,306,78,0.98,332,78,0.98,298,86,0.99,353,126,0.99,288,127,0.97,358,181,0.99,291,184,0.87,341,228,0.96,295,220,0.95,345,212,0.95,299,215,0.97,335,271,0.94,284,270,0.64,344,402,0.14,281,395
1,319,85,1,324,76,1,306,80,0.98,332,79,0.97,298,85,0.99,353,126,0.99,289,127,0.96,357,180,0.98,292,186,0.88,340,230,0.95,299,221,0.93,346,217,0.94,302,219,0.97,337,267,0.92,285,267,0.71,340,404,0.16,354,381
1,319,84,1,324,75,1,306,79,0.98,332,79,0.97,299,85,0.99,353,126,0.99,289,126,0.96,358,177,0.99,288,178,0.89,342,230,0.97,294,219,0.96,344,215,0.97,301,217,0.98,337,268,0.95,286,266,0.75,343,406,0.14,342,407
1,316,85,1,325,76,1,306,79,0.99,332,80,0.97,298,85,0.99,354,126,0.99,289,127,0.97,358,180,0.98,290,184,0.96,342,229,0.96,296,219,0.93,343,217,0.92,308,216,0.97,337,264,0.9,285,265,0.58,344,407,0.33,280,401
1,321,84,1,326,75,1,306,78,0.98,332,79,0.98,299,86,0.99,355,126,0.99,288,127,0.97,360,182,0.98,292,185,0.97,338,230,0.97,297,220,0.93,348,216,0.95,304,217,0.97,337,266,0.96,286,265,0.64,341,402,0.2,276,396
1,323,83,1,328,74,1,307,76,0.98,333,76,0.99,299,85,0.99,353,125,0.99,289,128,0.97,359,179,0.98,293,188,0.96,342,229,0.91,298,222,0.94,344,213,0.93,305,216,0.96,339,268,0.82,284,266,0.53,342,401,0.14,350,373
1,323,84,1,328,74,1,307,77,0.98,334,75,0.98,299,86,0.99,354,126,0.99,289,127,0.97,360,181,0.99,289,180,0.94,339,227,0.96,296,220,0.94,347,217,0.92,303,219,0.97,340,271,0.92,284,269,0.69,343,406,0.13,341,406
1,324,85,1,330,75,1,308,79,0.98,334,77,0.97,298,85,0.99,354,126,0.99,290,127,0.98,358,183,0.99,289,179,0.96,338,229,0.97,294,220,0.95,345,212,0.95,302,217,0.98,338,265,0.93,286,265,0.7,344,407,0.39,279,398
1,324,85,1,329,75,1,308,80,0.98,335,77,0.98,298,86,0.99,355,126,0.99,290,127,0.98,357,183,0.99,289,180,0.99,343,229,0.96,297,219,0.94,345,213,0.97,301,217,0.97,339,269,0.94,284,269,0.72,341,404,0.35,276,397
1,325,85,1,330,75,1,314,80,0.98,334,78,0.99,299,86,0.99,355,127,0.99,289,128,0.97,357,181,0.98,292,185,0.98,341,230,0.96,295,219,0.93,344,216,0.94,301,221,0.97,339,268,0.93,284,269,0.65,340,405,0.15,279,399
1,324,86,1,330,76,1,314,81,0.98,335,76,0.99,299,85,0.99,355,126,0.99,290,128,0.97,358,181,0.99,292,183,0.97,341,230,0.97,297,219,0.96,344,212,0.96,300,215,0.97,339,269,0.95,284,269,0.43,343,401,0.14,356,356
1,323,85,1,329,76,1,308,80,0.98,334,77,0.98,298,86,0.99,355,126,0.99,289,128,0.98,358,183,0.99,289,180,0.98,340,227,0.97,295,219,0.95,347,217,0.96,301,217,0.98,340,270,0.96,286,265,0.68,342,408,0.18,278,399
1,323,86,1,329,76,1,308,81,0.97,333,79,0.98,298,87,0.99,354,126,0.99,289,128,0.95,361,179,0.99,292,183,0.92,342,227,0.96,296,218,0.96,344,215,0.96,301,219,0.98,341,270,0.93,286,270,0.57,340,402,0.18,363,362
1,323,86,1,329,76,1,308,81,0.98,333,79,0.98,297,86,0.99,355,126,0.99,290,127,0.98,358,182,0.99,292,183,0.97,338,230,0.97,294,218,0.96,343,215,0.97,300,217,0.96,341,269,0.94,286,267,0.54,340,401,0.13,279,391
1,322,87,1,327,76,1,307,81,0.98,333,77,0.97,297,87,0.99,354,126,0.99,291,127,0.98,359,183,0.99,290,180,0.97,333,230,0.96,294,219,0.95,345,212,0.96,301,215,0.95,343,264,0.95,286,268,0.7,345,405,0.2,359,360
1,323,87,1,327,77,1,307,82,0.98,334,77,0.97,297,86,0.99,353,126,0.99,290,128,0.97,359,179,0.99,292,184,0.69,341,227,0.96,295,219,0.96,343,209,0.93,301,215,0.98,342,263,0.92,286,265,0.57,347,407,0.25,359,375
1,322,89,1,327,78,1,308,82,0.98,331,78,0.98,296,85,0.99,354,126,0.99,289,128,0.97,358,181,0.99,292,184,0.97,337,229,0.97,294,219,0.97,345,210,0.96,300,215,0.98,344,263,0.93,285,266,0.48,359,394,0.27,364,384
1,323,88,1,328,78,1,309,83,0.98,331,78,0.97,296,86,0.99,353,126,0.99,289,127,0.97,361,180,0.98,289,178,0.94,339,231,0.97,295,217,0.96,345,211,0.96,300,216,0.98,349,267,0.95,285,272,0.55,361,409,0.22,361,410
1,322,89,1,327,80,1,308,84,0.98,331,80,0.97,295,87,0.99,354,127,0.99,289,128,0.97,359,183,0.99,292,185,0.95,338,227,0.95,301,220,0.97,345,213,0.95,311,217,0.98,345,265,0.94,286,265,0.41,358,403,0.21,299,383
1,323,91,1,327,81,1,309,86,0.99,332,79,0.96,295,90,0.99,355,127,0.99,289,129,0.96,359,183,0.99,289,179,0.98,338,230,0.96,296,221,0.96,345,213,0.96,302,218,0.97,339,271,0.93,285,269,0.47,353,403,0.56,296,384
1,323,90,1,328,81,1,310,86,0.99,331,80,0.97,297,90,0.99,355,128,0.99,290,128,0.97,360,179,0.99,288,181,0.93,342,229,0.95,298,222,0.96,346,213,0.95,304,218,0.97,339,269,0.91,285,271,0.33,357,406,0.57,299,389
1,323,90,1,329,80,1,310,86,0.99,332,79,0.96,298,87,0.99,356,128,0.99,291,129,0.97,360,180,0.99,291,183,0.9,339,228,0.96,295,219,0.95,344,214,0.96,301,216,0.97,336,268,0.95,286,267,0.61,362,390,0.3,292,386
1,323,89,1,329,80,1,310,83,0.99,333,81,0.98,299,85,0.99,356,128,0.99,291,129,0.96,359,179,0.99,291,182,0.96,339,229,0.96,295,220,0.94,345,212,0.94,308,213,0.97,340,268,0.81,285,262,0.25,365,382,0.18,283,381
1,325,89,1,331,80,1,316,86,0.99,333,80,0.98,298,85,0.99,355,127,0.99,291,129,0.97,359,183,0.99,289,180,0.97,338,228,0.97,296,220,0.95,344,216,0.95,303,218,0.97,343,264,0.88,286,258,0.36,284,392,0.24,367,399
1,325,89,1,321,81,1,316,85,0.98,333,81,0.99,299,86,0.99,355,127,0.99,291,129,0.96,357,184,0.99,289,180,0.78,333,229,0.96,300,219,0.97,346,210,0.97,302,215,0.98,345,266,0.95,285,266,0.39,285,392,0.29,369,399
1,325,89,1,321,81,1,316,86,0.98,333,80,0.98,298,85,0.99,355,128,0.99,291,130,0.97,359,183,0.99,294,183,0.78,336,228,0.96,294,220,0.97,345,211,0.96,302,215,0.96,350,270,0.91,284,263,0.45,371,398,0.19,371,398
1,325,90,1,331,80,1,315,87,0.99,332,80,0.97,298,87,0.99,355,128,0.99,292,130,0.96,358,183,0.99,292,181,0.87,339,228,0.98,294,219,0.97,345,210,0.96,301,218,0.98,350,268,0.91,283,266,0.23,285,391,0.1,284,390
1,324,90,1,330,80,1,315,87,0.99,332,81,0.98,299,87,0.99,355,128,0.99,290,129,0.98,358,187,0.99,291,184,0.94,331,232,0.96,295,219,0.96,344,214,0.95,300,217,0.97,352,268,0.92,281,268,0.42,372,399,0.21,373,399
1,323,89,1,329,79,1,310,84,0.98,332,81,0.97,298,86,0.99,355,128,0.99,291,129,0.96,357,189,0.99,288,178,0.93,342,226,0.98,294,220,0.96,344,215,0.95,301,218,0.97,351,268,0.88,278,266,0.35,370,400,0.15,372,399
1,323,91,1,330,81,1,310,86,0.99,332,81,0.97,298,88,0.99,356,128,0.99,290,129,0.98,358,188,0.98,288,181,0.99,337,229,0.96,293,221,0.94,347,216,0.96,301,217,0.97,349,269,0.88,275,270,0.63,285,391,0.24,284,390
1,323,90,1,329,80,1,310,86,0.99,332,80,0.98,297,88,0.99,356,128,0.99,290,130,0.97,359,185,0.98,288,177,0.96,337,228,0.97,294,219,0.96,344,213,0.97,301,216,0.97,349,268,0.92,276,270,0.49,372,398,0.19,372,400
1,322,90,1,329,80,1,310,86,0.99,333,81,0.95,298,87,0.99,356,128,0.99,290,130,0.97,358,184,0.98,288,178,0.94,338,228,0.96,294,220,0.95,343,214,0.97,301,217,0.97,350,268,0.93,278,269,0.42,371,400,0.18,372,400
1,322,89,1,329,80,1,309,85,0.99,333,81,0.96,298,87,0.99,357,128,0.99,291,129,0.98,358,188,0.99,288,179,0.98,336,229,0.97,292,219,0.96,345,213,0.97,302,218,0.97,349,268,0.85,277,268,0.42,284,391,0.22,284,390
1,322,90,1,328,81,1,308,86,0.99,333,80,0.94,299,86,0.99,356,128,0.99,292,130,0.97,358,184,0.98,291,184,0.97,338,230,0.96,293,220,0.95,345,214,0.96,301,217,0.97,349,270,0.89,278,268,0.64,282,392,0.33,282,391
1,322,90,1,329,81,1,309,85,0.99,333,81,0.97,299,87,0.99,357,129,0.99,291,129,0.97,360,183,0.98,288,180,0.93,341,229,0.96,293,221,0.97,345,209,0.97,300,214,0.97,351,269,0.91,278,268,0.65,372,398,0.25,372,398
1,323,90,1,329,81,1,310,86,0.99,333,81,0.96,299,87,0.99,357,130,0.99,291,129,0.98,357,186,0.99,288,178,0.98,339,231,0.98,292,219,0.95,345,214,0.96,300,218,0.97,349,270,0.89,277,269,0.47,372,395,0.24,371,399
1,323,90,1,330,81,1,310,85,0.99,334,82,0.95,299,87,0.99,355,128,0.99,291,129,0.97,360,183,0.99,288,178,0.97,336,227,0.98,292,219,0.96,345,214,0.96,301,217,0.97,350,269,0.93,277,269,0.7,282,387,0.43,284,385
1,323,89,1,330,80,1,310,84,0.99,334,82,0.96,300,87,0.99,356,128,0.99,292,129,0.98,356,189,0.98,288,178,0.95,340,231,0.98,293,219,0.96,346,213,0.97,301,216,0.97,350,270,0.88,277,268,0.64,283,381,0.29,281,385
1,322,89,1,329,80,1,310,84,0.99,334,81,0.96,299,86,0.99,356,128,0.99,292,129,0.98,360,184,0.99,288,178,0.91,336,229,0.98,294,220,0.98,345,212,0.96,301,219,0.98,350,268,0.91,278,266,0.59,283,392,0.26,282,391
1,324,89,1,331,80,1,315,84,0.99,334,82,0.97,299,86,0.99,355,129,0.99,292,130,0.97,356,190,0.98,288,181,0.94,339,229,0.96,293,220,0.95,345,216,0.95,302,217,0.97,349,268,0.85,279,265,0.43,372,398,0.15,276,386
1,323,89,1,330,79,1,310,83,0.99,334,82,0.98,299,86,0.99,355,129,0.99,292,130,0.98,356,188,0.99,288,180,0.96,337,227,0.97,292,220,0.95,345,215,0.95,302,217,0.96,350,269,0.91,277,269,0.47,283,389,0.18,283,388
1,323,88,1,321,81,1,315,84,0.99,334,82,0.98,299,86,0.99,355,129,0.99,291,130,0.97,356,188,0.98,288,180,0.93,340,230,0.97,293,220,0.95,344,213,0.96,301,218,0.97,349,269,0.93,277,269,0.52,283,393,0.23,284,392
1,324,88,1,323,79,1,315,83,0.98,336,80,0.99,299,86,0.99,355,128,0.99,291,130,0.97,360,183,0.98,291,185,0.93,337,227,0.96,292,219,0.96,344,213,0.94,303,216,0.98,350,267,0.8,273,266,0.57,282,395,0.23,284,396
1,324,89,1,331,79,1,315,84,0.99,335,81,0.98,300,86,0.99,356,128,0.99,291,129,0.98,359,186,0.99,292,184,0.97,341,229,0.96,294,220,0.96,344,210,0.97,301,213,0.96,352,266,0.9,278,267,0.54,282,385,0.28,283,383
1,323,87,1,330,78,1,314,83,0.98,334,80,0.97,300,85,0.99,355,127,0.99,292,128,0.97,359,184,0.99,289,179,0.89,333,231,0.98,293,219,0.97,344,209,0.96,302,214,0.95,353,266,0.87,277,265,0.63,279,383,0.3,281,382
1,324,88,1,322,79,1,315,83,0.98,336,79,0.98,300,85,0.99,357,128,0.99,292,129,0.98,358,188,0.99,289,178,0.98,341,229,0.96,297,217,0.97,347,212,0.97,302,212,0.98,352,267,0.91,279,268,0.4,275,388,0.36,272,390
1,324,86,1,330,77,1,314,81,0.99,337,78,0.97,300,84,0.99,355,127,0.99,293,128,0.98,359,188,0.99,288,178,0.97,341,226,0.98,294,218,0.97,345,212,0.96,303,213,0.98,350,269,0.94,279,265,0.37,263,388,0.31,263,388
1,323,88,1,323,78,1,315,83,0.99,338,77,0.96,301,84,0.99,356,127,0.99,293,128,0.98,358,191,0.99,289,177,0.98,335,226,0.98,293,215,0.95,346,213,0.97,304,212,0.98,345,266,0.91,279,266,0.33,363,376,0.22,371,397
1,323,87,1,323,78,1,315,82,0.98,339,77,0.95,300,83,0.99,356,127,0.99,293,127,0.97,359,183,0.99,289,178,0.93,339,221,0.98,294,216,0.94,348,211,0.96,302,213,0.96,337,267,0.74,271,265,0.31,364,378,0.21,253,373
1,324,85,1,330,75,1,315,79,0.99,338,77,0.96,301,83,0.99,356,126,0.99,293,127,0.97,357,185,0.99,290,178,0.95,324,230,0.97,292,219,0.94,345,215,0.95,300,215,0.94,336,263,0.89,349,263,0.57,357,389,0.36,355,389
1,324,85,1,329,75,1,314,80,0.99,336,77,0.97,299,84,0.99,355,127,0.99,293,127,0.98,358,189,0.99,290,180,0.96,320,234,0.93,287,222,0.92,345,213,0.94,301,217,0.93,336,264,0.93,348,264,0.36,362,382,0.21,357,392
1,321,87,1,327,77,1,308,82,0.98,334,80,0.96,297,86,0.99,355,128,0.99,292,130,0.98,357,186,0.98,292,186,0.91,321,231,0.95,294,225,0.94,345,212,0.92,301,216,0.96,337,268,0.82,258,264,0.43,360,384,0.39,252,355
1,323,89,1,329,79,1,309,85,0.99,333,81,0.97,298,88,0.99,355,130,0.99,292,129,0.98,358,185,0.98,290,184,0.77,322,231,0.93,295,225,0.94,343,212,0.93,300,217,0.94,337,267,0.88,347,265,0.64,242,369,0.51,245,367
1,322,93,1,328,82,1,308,88,0.99,332,82,0.91,296,92,0.99,356,130,1,291,129,0.98,358,188,0.98,290,184,0.93,322,231,0.93,287,219,0.93,343,214,0.93,300,217,0.94,336,266,0.82,348,265,0.53,245,367,0.33,244,368
1,321,94,1,326,82,1,308,88,0.99,332,81,0.88,296,91,0.99,355,131,0.99,291,130,0.98,358,186,0.98,291,186,0.89,319,229,0.9,287,220,0.95,344,213,0.93,302,217,0.95,335,268,0.88,347,266,0.54,240,371,0.33,245,367
1,315,95,1,322,83,1,307,89,0.99,332,82,0.84,296,91,0.99,356,131,0.99,292,130,0.99,357,185,0.99,290,189,0.91,319,231,0.95,292,226,0.95,344,213,0.94,302,217,0.95,335,266,0.9,347,265,0.59,242,369,0.53,247,368
1,320,95,1,325,83,1,308,89,0.99,331,83,0.88,295,91,0.99,356,131,0.99,291,130,0.99,358,188,0.99,289,188,0.92,321,231,0.91,293,224,0.96,345,211,0.93,301,217,0.94,336,269,0.87,350,269,0.42,244,365,0.24,245,363
1,318,97,1,323,87,1,306,88,0.99,332,83,0.92,294,91,0.99,355,130,0.99,290,131,0.98,358,188,0.99,290,187,0.95,326,232,0.92,291,223,0.95,344,211,0.94,299,218,0.92,338,267,0.85,347,265,0.33,246,369,0.41,245,371
1,320,96,1,325,83,1,307,90,0.99,331,83,0.91,298,91,0.99,355,130,0.99,290,131,0.97,359,187,0.98,288,184,0.95,323,233,0.9,291,222,0.93,344,214,0.95,300,218,0.93,337,269,0.89,258,264,0.33,242,370,0.23,247,360
1,318,96,1,323,84,1,307,88,0.99,332,83,0.94,294,89,0.99,353,131,0.99,289,131,0.98,358,187,0.99,289,187,0.94,323,233,0.9,293,225,0.94,343,212,0.96,301,217,0.94,336,268,0.94,349,265,0.39,361,393,0.28,247,370
1,319,95,1,324,83,1,307,88,0.99,331,82,0.82,296,91,0.99,355,131,0.99,290,132,0.98,358,188,0.98,288,188,0.94,324,230,0.89,292,223,0.95,345,211,0.95,301,216,0.96,337,268,0.85,349,268,0.56,243,369,0.48,245,367
1,321,95,1,326,82,1,308,88,0.99,331,82,0.89,296,92,0.99,355,130,0.99,291,131,0.98,356,188,0.99,291,185,0.93,322,231,0.94,289,221,0.96,345,212,0.95,299,218,0.95,337,269,0.95,350,268,0.49,363,391,0.25,247,361
1,322,94,1,328,82,1,309,87,0.99,331,82,0.92,297,92,0.99,355,130,0.99,291,132,0.98,358,190,0.99,291,188,0.93,324,231,0.9,293,224,0.95,345,213,0.96,301,218,0.94,343,268,0.87,256,266,0.51,244,368,0.4,246,366
1,321,93,1,326,82,1,308,88,0.99,332,82,0.9,297,89,0.99,356,130,0.99,291,131,0.98,356,189,0.99,291,188,0.93,322,231,0.89,294,225,0.93,344,214,0.96,301,217,0.94,339,269,0.8,348,270,0.5,242,371,0.31,355,391
1,323,93,1,329,81,1,309,88,0.99,333,81,0.95,297,89,0.99,357,131,0.99,292,132,0.98,356,190,0.99,291,187,0.91,321,231,0.9,295,225,0.96,345,212,0.96,301,217,0.92,337,268,0.86,351,270,0.42,241,366,0.36,247,357
1,323,93,1,330,82,1,310,89,0.99,333,81,0.95,298,92,0.99,357,130,0.99,292,132,0.98,358,189,0.99,289,191,0.86,325,230,0.84,293,225,0.93,346,214,0.96,302,218,0.92,343,265,0.79,258,264,0.42,359,384,0.42,248,360
1,322,94,1,329,82,1,309,90,0.99,333,82,0.92,298,90,0.99,358,131,0.99,292,131,0.98,358,190,0.99,289,192,0.85,323,229,0.81,293,230,0.94,345,213,0.96,301,217,0.96,342,266,0.84,349,267,0.41,243,370,0.4,249,360
1,322,93,1,328,82,1,309,88,1,333,82,0.94,297,91,0.99,357,130,0.99,292,132,0.99,357,190,0.99,291,190,0.95,324,232,0.91,293,227,0.95,346,213,0.96,300,219,0.97,344,268,0.68,258,265,0.44,245,367,0.34,245,365
1,322,93,1,328,82,1,309,88,1,333,81,0.95,298,89,0.99,356,129,0.99,291,132,0.98,358,190,0.99,292,188,0.86,325,226,0.94,294,224,0.95,347,212,0.96,300,216,0.98,344,265,0.82,258,264,0.54,245,364,0.53,244,366
1,321,91,1,325,81,1,308,86,0.99,331,80,0.96,295,88,0.99,354,127,0.99,291,130,0.98,358,186,0.99,291,192,0.93,324,228,0.89,294,225,0.93,345,210,0.94,302,216,0.96,344,263,0.7,259,268,0.54,243,370,0.41,245,368
1,319,89,1,322,80,1,306,83,0.98,329,82,0.97,293,90,0.99,351,126,1,290,129,0.97,359,179,0.99,290,188,0.77,329,222,0.94,291,221,0.96,342,209,0.95,301,214,0.97,349,268,0.6,255,262,0.58,241,367,0.55,245,358
1,315,88,1,318,79,1,305,82,0.97,328,82,0.97,294,86,0.99,349,125,1,288,129,0.97,359,181,0.98,291,194,0.82,331,229,0.87,294,224,0.96,344,209,0.93,301,216,0.9,359,267,0.61,364,269,0.77,403,399,0.73,403,398
1,314,89,1,317,79,1,303,83,0.98,326,79,0.95,294,87,0.99,349,125,0.99,287,129,0.98,359,184,0.99,291,192,0.92,339,231,0.94,296,223,0.97,343,214,0.95,301,218,0.98,369,274,0.45,260,267,0.52,235,374,0.53,236,369
1,314,89,1,316,80,1,303,84,0.99,325,79,0.96,292,87,0.99,351,127,0.99,286,129,0.98,359,185,0.99,291,193,0.87,335,230,0.94,305,222,0.95,343,216,0.91,301,219,0.96,368,265,0.71,271,265,0.35,235,375,0.58,233,373
1,314,93,1,316,82,1,303,86,0.99,328,80,0.92,292,89,0.99,352,127,0.99,285,133,0.99,359,185,0.99,292,192,0.94,338,231,0.94,299,222,0.94,344,213,0.93,303,216,0.97,368,266,0.81,275,267,0.35,408,368,0.32,234,378
1,314,93,1,317,83,1,304,87,0.99,328,82,0.83,294,90,0.99,351,127,0.99,286,133,0.98,359,185,0.99,291,193,0.94,337,232,0.94,300,223,0.95,343,211,0.95,301,214,0.98,370,268,0.76,275,264,0.3,409,367,0.27,409,366
1,314,95,1,317,85,1,304,88,0.99,330,82,0.78,294,90,0.99,352,127,0.99,286,134,0.99,359,186,0.99,290,196,0.95,336,231,0.94,300,224,0.95,343,215,0.95,302,217,0.97,368,268,0.78,274,268,0.26,232,385,0.33,232,383
1,314,92,1,318,83,1,305,86,1,329,83,0.92,295,89,0.99,352,127,0.99,288,130,0.99,357,189,0.99,290,194,0.92,345,230,0.94,298,222,0.96,342,216,0.95,304,218,0.98,369,265,0.83,272,268,0.24,232,382,0.36,232,381
1,314,93,1,318,83,1,305,86,0.99,330,83,0.92,295,88,0.99,352,127,0.99,287,130,0.98,360,184,0.99,289,191,0.92,340,229,0.96,296,221,0.94,346,214,0.95,306,216,0.97,367,268,0.79,275,266,0.38,233,381,0.47,233,380
1,314,92,1,318,83,1,305,85,0.99,330,83,0.88,294,88,0.99,352,127,0.99,287,130,0.98,359,186,0.99,290,194,0.95,338,231,0.94,298,224,0.96,349,214,0.93,304,216,0.98,371,269,0.65,275,267,0.34,233,379,0.43,233,377
1,313,92,1,318,83,1,304,85,0.99,330,83,0.77,296,89,0.99,351,127,0.99,287,130,0.97,360,184,0.99,291,191,0.92,336,231,0.95,296,219,0.96,349,213,0.92,303,215,0.98,368,269,0.76,278,261,0.44,229,384,0.45,410,370
1,314,91,1,319,82,1,305,85,0.99,330,83,0.89,296,87,0.99,352,127,1,288,130,0.98,359,184,0.99,290,190,0.92,341,228,0.96,295,219,0.97,349,215,0.92,301,219,0.98,370,272,0.79,275,267,0.21,231,372,0.46,231,379
1,314,90,1,318,82,1,304,86,1,331,82,0.83,296,86,0.99,351,126,1,288,129,0.98,359,185,0.99,290,191,0.92,339,231,0.95,293,218,0.96,348,213,0.92,303,217,0.96,365,278,0.66,275,260,0.22,405,373,0.3,230,381
1,316,89,1,322,82,1,306,85,0.99,331,83,0.95,294,89,0.99,352,127,0.99,288,130,0.98,358,185,0.99,291,189,0.88,341,230,0.96,293,220,0.96,348,213,0.89,303,215,0.98,366,274,0.8,275,265,0.31,232,383,0.53,231,382
1,320,90,1,325,80,1,306,85,0.98,329,81,0.95,296,87,0.99,352,127,0.99,287,130,0.97,359,185,0.99,291,189,0.92,337,230,0.95,293,220,0.97,349,213,0.94,305,217,0.98,366,273,0.66,275,265,0.57,408,371,0.55,408,370
1,321,91,1,325,82,1,307,85,0.98,330,81,0.96,293,89,0.99,351,127,0.99,287,130,0.98,359,185,0.99,291,189,0.92,340,229,0.97,294,218,0.97,348,213,0.9,303,216,0.98,368,275,0.82,274,268,0.24,407,375,0.36,232,381
1,321,90,1,325,81,1,308,84,0.98,330,81,0.97,295,86,0.99,351,127,0.99,288,130,0.98,358,185,0.99,289,196,0.92,343,230,0.94,294,221,0.96,348,215,0.95,304,217,0.99,367,275,0.7,273,268,0.29,393,367,0.28,233,380
1,320,91,1,324,81,1,306,85,0.98,330,82,0.95,295,88,0.99,352,127,0.99,287,131,0.98,360,185,0.99,291,191,0.83,340,229,0.96,293,219,0.97,348,212,0.92,304,216,0.99,366,272,0.76,275,267,0.43,408,375,0.38,408,375
1,320,89,1,325,79,1,307,83,0.98,329,82,0.97,296,87,0.99,351,126,1,289,129,0.95,359,180,0.99,291,193,0.81,338,230,0.95,294,221,0.96,346,212,0.94,302,218,0.99,365,271,0.79,273,262,0.33,411,370,0.38,412,368
1,321,88,1,325,78,1,307,82,0.97,330,80,0.97,296,87,0.99,350,125,0.99,287,130,0.97,360,181,0.98,291,193,0.83,341,230,0.94,294,220,0.96,347,212,0.88,307,219,0.98,367,270,0.6,276,265,0.24,229,383,0.34,228,382
1,321,89,1,325,78,1,307,82,0.97,330,80,0.96,296,86,0.99,351,125,0.99,288,129,0.97,359,184,0.99,291,190,0.92,342,230,0.96,294,219,0.96,349,212,0.89,308,219,0.99,367,269,0.78,274,267,0.54,226,386,0.58,224,387
1,321,87,1,325,78,1,306,81,0.97,330,80,0.97,295,86,0.99,351,126,1,288,129,0.97,359,185,0.99,291,187,0.86,337,234,0.97,295,219,0.96,348,214,0.95,300,217,0.99,370,270,0.77,267,268,0.39,227,385,0.38,225,386
1,321,87,1,324,78,1,306,81,0.97,330,80,0.97,292,88,0.99,351,125,0.99,289,128,0.97,359,184,0.99,288,182,0.93,336,232,0.97,295,218,0.95,348,214,0.92,303,215,0.98,369,269,0.68,273,265,0.16,218,384,0.23,225,382
1,321,87,1,326,77,1,307,82,0.97,331,78,0.95,297,85,0.99,353,126,0.99,289,129,0.97,360,184,0.99,291,190,0.94,342,232,0.95,295,218,0.97,348,215,0.91,305,216,0.99,369,267,0.69,272,266,0.48,429,405,0.56,223,388
1,321,88,1,326,77,1,307,81,0.98,333,77,0.95,296,85,0.99,353,126,0.99,289,130,0.97,361,183,0.98,293,204,0.93,342,232,0.92,295,218,0.96,348,213,0.91,305,215,0.98,364,272,0.52,273,267,0.49,227,387,0.48,224,388
1,320,86,1,325,75,1,306,80,0.98,331,77,0.97,297,85,0.99,353,125,0.99,290,129,0.96,360,180,0.99,292,188,0.95,337,231,0.94,296,219,0.97,346,210,0.94,304,216,0.92,358,268,0.77,274,268,0.36,380,384,0.37,227,389
1,320,87,1,325,77,1,306,81,0.98,332,79,0.96,297,85,0.99,353,125,0.99,291,130,0.97,358,179,0.99,292,184,0.89,344,225,0.97,296,218,0.98,344,207,0.97,302,213,0.95,358,256,0.92,275,271,0.44,360,403,0.35,361,403
1,319,84,1,324,75,1,306,78,0.99,333,76,0.96,298,83,0.99,355,124,0.99,292,128,0.97,358,178,0.99,292,193,0.73,337,223,0.93,296,223,0.96,343,209,0.95,305,214,0.94,347,250,0.82,277,270,0.55,313,386,0.61,313,388
1,323,83,1,329,73,1,315,78,0.99,337,75,0.96,301,83,0.99,359,123,0.98,295,129,0.96,358,184,0.99,292,190,0.86,342,217,0.94,293,220,0.92,343,214,0.95,303,214,0.81,330,249,0.84,275,261,0.34,283,375,0.29,223,396
1,325,83,1,331,74,1,316,78,1,341,75,0.95,304,81,0.98,361,124,0.98,295,126,0.93,357,182,0.98,292,187,0.62,313,221,0.96,286,217,0.91,340,211,0.94,300,214,0.86,310,249,0.9,267,256,0.35,293,346,0.32,289,349
1,328,83,1,333,75,1,320,75,0.99,346,81,0.82,315,82,0.99,364,126,0.99,302,123,0.91,354,187,0.98,295,174,0.77,301,219,0.94,286,207,0.95,336,212,0.96,299,211,0.89,294,263,0.8,246,263,0.22,286,353,0.14,282,349
1,329,83,1,337,76,1,322,76,0.99,350,81,0.79,317,81,0.99,364,129,0.99,302,123,0.75,355,190,0.97,296,180,0.66,305,221,0.88,279,214,0.93,336,216,0.91,295,213,0.55,299,260,0.7,245,261,0.41,216,375,0.49,215,374
1,328,85,1,336,76,1,321,77,0.99,350,82,0.82,316,82,0.99,363,130,0.99,301,123,0.92,351,194,0.98,296,180,0.75,301,225,0.81,276,215,0.92,334,218,0.93,296,213,0.71,303,261,0.86,240,267,0.75,210,367,0.8,212,365
1,326,87,1,331,78,1,320,80,1,347,83,0.65,314,84,0.99,360,130,0.99,298,124,0.95,351,197,0.98,291,182,0.88,310,228,0.73,278,219,0.9,338,218,0.96,299,214,0.91,305,263,0.7,238,264,0.67,208,366,0.65,209,363
1,326,87,1,326,78,1,318,80,1,343,84,0.77,312,85,0.99,361,130,0.99,296,125,0.98,354,188,0.98,292,182,0.89,309,231,0.8,282,224,0.95,343,213,0.95,300,214,0.89,314,267,0.81,239,264,0.8,210,370,0.78,211,369
1,324,87,1,331,79,1,316,81,1,341,82,0.84,305,83,0.99,359,129,0.98,296,131,0.95,358,184,0.99,292,189,0.77,304,234,0.85,283,227,0.94,343,216,0.91,297,217,0.86,313,268,0.69,318,270,0.71,210,368,0.67,211,366
1,323,86,1,330,77,1,315,80,0.99,339,80,0.92,301,82,0.99,356,128,0.99,294,131,0.97,354,189,0.98,290,191,0.85,305,235,0.73,282,231,0.89,342,214,0.91,299,217,0.74,316,264,0.77,242,266,0.66,206,368,0.63,208,366
1,324,85,1,330,76,1,315,79,0.98,335,78,0.98,296,87,0.99,353,127,0.99,290,130,0.98,351,191,0.98,291,191,0.74,306,232,0.85,284,226,0.9,339,217,0.94,298,221,0.57,238,267,0.77,240,267,0.43,206,363,0.45,209,362
1,319,86,1,323,77,1,306,79,0.96,331,81,0.98,292,87,0.99,348,126,0.99,289,131,0.98,352,189,0.98,291,187,0.8,310,227,0.91,281,219,0.92,339,217,0.93,299,219,0.63,301,263,0.78,241,264,0.7,203,359,0.68,209,359
1,316,85,1,319,77,1,305,79,0.96,327,80,0.97,296,85,0.99,346,126,0.99,289,130,0.97,348,190,0.98,292,184,0.86,298,226,0.67,278,217,0.94,334,219,0.87,296,216,0.65,238,267,0.73,238,262,0.52,205,365,0.48,266,394
1,314,88,1,316,78,1,304,81,0.99,326,81,0.96,292,85,0.99,344,128,0.99,288,130,0.98,349,190,0.98,291,185,0.76,300,227,0.8,279,218,0.94,335,219,0.93,297,216,0.67,297,268,0.78,239,264,0.78,203,364,0.78,204,362
1,315,88,1,316,78,1,303,81,0.99,326,81,0.97,293,85,0.99,345,127,0.99,288,130,0.98,349,189,0.98,289,185,0.81,303,222,0.85,280,217,0.94,335,217,0.95,297,219,0.82,299,265,0.79,236,262,0.56,207,364,0.54,205,362
1,315,87,1,318,79,1,304,81,0.97,326,81,0.96,294,86,0.99,345,126,0.99,287,130,0.98,350,194,0.98,291,187,0.67,303,226,0.86,280,222,0.93,337,219,0.93,298,220,0.88,297,268,0.91,238,265,0.53,206,366,0.57,207,365
1,315,87,1,319,78,1,305,81,0.98,326,81,0.98,295,87,0.99,348,126,0.99,287,129,0.98,354,192,0.98,292,188,0.66,308,228,0.84,285,224,0.92,339,215,0.94,298,219,0.75,301,266,0.83,241,264,0.54,207,364,0.51,208,363
1,315,88,1,319,79,1,305,81,0.97,328,84,0.98,296,87,0.99,348,128,0.99,287,131,0.98,351,202,0.98,291,190,0.82,307,228,0.86,282,223,0.92,341,219,0.93,299,221,0.72,300,268,0.87,240,264,0.61,206,366,0.51,207,364
1,319,89,1,323,80,1,306,82,0.97,328,82,0.98,298,88,0.99,349,126,0.99,288,129,0.98,352,190,0.99,290,189,0.77,307,228,0.85,280,223,0.9,339,216,0.95,298,217,0.69,300,267,0.72,240,263,0.6,210,364,0.61,209,362
1,319,88,1,322,79,1,307,82,0.96,329,82,0.98,294,87,0.99,350,126,0.99,288,130,0.96,349,193,0.98,288,187,0.75,305,226,0.85,283,222,0.91,337,216,0.9,297,221,0.67,301,264,0.8,239,266,0.4,209,364,0.45,211,362
1,320,89,1,323,80,1,307,82,0.98,329,83,0.98,298,88,0.99,350,127,1,288,130,0.97,349,193,0.98,290,189,0.74,306,226,0.78,283,222,0.88,338,216,0.92,299,221,0.52,300,267,0.8,240,267,0.73,207,364,0.74,208,362
1,321,89,1,325,78,1,307,82,0.97,330,81,0.97,301,87,0.99,350,126,0.99,289,131,0.96,351,192,0.98,288,189,0.68,308,228,0.78,283,221,0.87,338,216,0.92,297,221,0.58,296,268,0.82,240,265,0.7,209,365,0.69,208,363
1,319,88,1,325,78,1,307,82,0.99,331,82,0.98,296,87,0.99,352,127,1,288,131,0.96,348,191,0.98,290,188,0.75,292,234,0.8,281,223,0.87,336,217,0.91,299,217,0.67,293,271,0.77,238,267,0.36,211,368,0.33,207,368
1,322,88,1,327,78,1,308,82,0.98,331,82,0.98,296,87,0.99,352,128,1,290,130,0.98,351,189,0.98,290,186,0.61,304,229,0.87,282,222,0.9,337,217,0.96,298,221,0.61,291,276,0.84,242,263,0.79,208,364,0.71,207,363
1,322,89,1,327,79,1,309,84,0.98,331,81,0.97,295,86,0.99,352,128,0.99,289,131,0.98,350,186,0.99,290,187,0.69,291,233,0.83,280,223,0.86,339,216,0.93,299,221,0.72,298,270,0.8,241,265,0.6,209,364,0.58,211,362
1,322,89,1,327,79,1,308,82,0.99,332,83,0.98,296,86,0.99,352,127,1,289,131,0.98,349,194,0.99,289,188,0.82,292,234,0.86,283,222,0.89,337,217,0.92,299,221,0.74,298,268,0.84,244,264,0.64,208,368,0.6,211,367
1,321,89,1,327,79,1,309,82,0.99,332,82,0.98,297,85,0.99,353,127,0.99,289,130,0.98,351,190,0.98,290,187,0.74,303,232,0.76,280,223,0.92,334,217,0.95,296,222,0.65,300,269,0.67,243,263,0.59,208,368,0.59,207,366
1,323,89,1,328,79,1,309,83,0.98,331,82,0.98,296,86,0.99,352,128,1,290,131,0.97,349,190,0.98,289,186,0.77,302,228,0.85,278,223,0.93,334,218,0.91,296,222,0.78,299,269,0.76,240,265,0.58,209,372,0.66,207,371
1,323,88,1,328,79,1,309,82,0.98,332,82,0.98,296,86,0.99,352,128,1,290,129,0.97,349,187,0.97,290,184,0.8,299,228,0.74,279,222,0.91,335,217,0.94,292,215,0.84,293,277,0.83,240,262,0.65,227,372,0.64,228,371
1,322,89,1,327,81,1,309,83,0.99,332,83,0.98,296,85,0.99,351,129,1,289,129,0.98,348,187,0.98,288,184,0.76,300,225,0.83,278,218,0.93,334,217,0.92,293,218,0.91,293,273,0.88,242,261,0.27,246,364,0.32,250,375
1,322,90,1,326,82,1,309,84,0.99,331,83,0.99,295,88,0.99,350,128,1,289,128,0.97,345,187,0.97,290,183,0.87,303,220,0.87,281,218,0.96,336,216,0.92,296,216,0.86,297,270,0.88,246,260,0.53,306,393,0.35,259,368
1,323,92,1,322,85,1,315,85,0.98,333,84,0.99,298,86,0.99,352,129,0.99,288,128,0.98,349,184,0.98,288,181,0.72,309,228,0.83,280,219,0.96,342,212,0.93,294,214,0.96,315,269,0.82,249,259,0.77,335,393,0.64,333,390
1,329,92,1,327,85,1,319,85,0.97,336,83,0.99,304,85,0.99,354,127,0.99,291,130,0.98,356,179,0.97,291,185,0.94,315,234,0.89,285,219,0.92,343,208,0.86,301,215,0.8,332,257,0.92,255,258,0.37,369,379,0.33,365,379
1,338,89,1,340,82,1,325,81,0.87,345,85,0.99,312,82,0.99,355,125,0.98,294,132,0.98,356,181,0.99,291,187,0.89,337,228,0.95,295,221,0.98,347,208,0.94,303,215,0.97,361,259,0.66,278,263,0.25,395,370,0.22,395,370
1,344,89,1,341,81,1,335,81,0.8,347,82,1,314,81,0.99,361,126,0.99,296,125,0.98,361,192,1,290,184,0.75,267,371,0.96,310,215,0.95,345,209,0.97,306,208,0.56,376,267,0.94,302,266,0.3,266,367,0.29,272,357
1,356,90,1,355,83,1,348,81,0.76,360,87,0.99,332,82,1,366,127,0.97,309,124,0.99,365,192,1,291,180,0.64,359,217,0.96,315,212,0.97,347,214,0.96,313,211,0.88,384,266,0.94,322,263,0.35,430,403,0.32,294,348
1,362,93,1,366,85,1,355,83,0.62,367,87,1,337,84,1,370,129,0.96,314,121,0.98,365,186,0.98,299,182,0.61,363,216,0.93,324,214,0.97,353,210,0.95,312,210,0.9,388,261,0.94,336,259,0.62,333,390,0.35,332,390
1,361,95,1,364,88,1,355,87,0.85,368,85,1,337,85,1,371,130,0.98,314,124,0.98,368,189,0.99,302,182,0.68,364,221,0.94,326,213,0.94,359,218,0.94,318,214,0.84,396,263,0.87,343,260,0.47,365,361,0.49,364,362
1,361,94,1,359,88,1,352,86,0.88,365,88,1,332,86,1,368,128,0.98,313,124,0.98,367,191,0.99,302,183,0.48,369,221,0.94,322,217,0.97,357,214,0.94,315,213,0.82,399,259,0.89,349,258,0.4,374,351,0.23,395,372
1,355,96,0.99,355,86,1,341,88,0.58,358,85,0.99,329,88,0.99,362,126,0.98,309,132,0.99,362,184,0.99,300,193,0.92,367,220,0.79,330,220,0.96,354,216,0.96,312,216,0.73,404,260,0.9,358,264,0.3,377,352,0.29,376,352
1,342,96,1,339,87,1,334,89,0.81,345,86,0.99,312,90,1,350,125,0.99,299,132,0.96,359,172,0.95,296,199,0.9,365,217,0.62,324,231,0.96,350,213,0.95,311,219,0.78,370,272,0.83,359,275,0.22,380,364,0.25,378,364
1,338,96,1,337,86,1,324,89,0.76,338,81,0.99,311,88,0.99,346,124,0.97,295,132,0.98,351,171,0.99,292,199,0.83,361,219,0.58,321,229,0.95,345,216,0.96,309,219,0.66,404,260,0.8,354,273,0.26,362,275,0.22,417,408
1,328,94,1,323,84,1,318,88,0.91,331,83,0.99,300,91,0.99,340,124,0.99,289,132,0.99,345,175,0.99,286,194,0.83,360,213,0.69,318,228,0.98,342,212,0.96,306,216,0.71,408,261,0.79,347,273,0.41,370,354,0.35,372,353
1,329,95,1,322,84,1,318,89,0.81,329,83,0.99,297,90,0.99,339,124,0.99,288,132,0.98,346,174,0.99,288,197,0.76,357,217,0.84,315,230,0.97,343,214,0.97,310,222,0.55,410,263,0.87,345,273,0.3,427,345,0.34,371,379
1,325,92,1,327,83,1,309,86,0.85,327,83,0.99,299,90,0.99,339,125,0.99,285,134,0.99,351,175,0.99,289,197,0.8,361,217,0.84,312,229,0.96,339,218,0.97,308,221,0.43,400,265,0.94,342,278,0.46,361,367,0.57,360,367
1,325,92,1,326,83,1,309,86,0.85,326,83,0.99,299,91,0.99,342,126,0.99,284,135,0.97,356,182,0.99,285,197,0.64,364,224,0.93,310,228,0.96,344,220,0.94,305,224,0.47,378,263,0.9,341,287,0.43,353,363,0.45,354,362
1,324,92,1,326,82,1,309,85,0.88,326,83,0.99,298,90,0.99,342,128,0.98,282,135,0.97,355,197,0.99,282,196,0.93,358,225,0.97,309,229,0.97,340,216,0.93,306,224,0.49,367,245,0.94,337,289,0.59,431,397,0.39,371,409
1,324,92,1,326,82,1,308,86,0.86,326,83,0.99,299,91,0.99,342,129,0.98,281,133,0.97,358,186,0.99,281,195,0.68,361,227,0.95,310,232,0.92,340,219,0.92,304,224,0.54,365,240,0.91,339,284,0.47,351,370,0.29,354,369
1,325,92,1,327,82,1,309,85,0.83,326,84,0.99,299,90,0.99,343,127,0.97,281,133,0.98,356,187,0.99,281,195,0.83,361,224,0.96,311,230,0.96,339,215,0.94,302,223,0.62,342,287,0.92,337,287,0.44,352,368,0.56,353,368
1,324,93,1,325,83,1,308,87,0.89,326,84,0.99,298,90,0.99,341,128,0.97,279,133,0.98,356,188,0.99,282,195,0.82,361,225,0.96,309,229,0.96,338,217,0.95,303,221,0.43,341,282,0.91,338,281,0.43,353,367,0.45,355,368
1,324,92,1,325,82,1,308,86,0.84,326,83,0.99,298,90,0.99,342,127,0.97,280,134,0.97,356,186,0.99,281,195,0.85,359,227,0.96,308,232,0.96,339,217,0.94,304,221,0.48,340,281,0.92,336,281,0.4,351,365,0.48,370,404
1,324,92,1,325,82,1,308,86,0.87,326,83,0.99,299,90,0.99,343,128,0.97,281,134,0.98,356,188,0.99,281,195,0.87,360,226,0.95,310,232,0.97,338,217,0.95,302,223,0.49,366,241,0.93,337,282,0.38,352,372,0.36,354,372
1,324,92,1,325,82,1,308,86,0.86,326,83,0.99,299,92,0.99,343,128,0.96,279,133,0.97,355,187,0.99,281,196,0.88,359,222,0.95,309,232,0.97,338,216,0.93,300,222,0.36,399,266,0.91,338,286,0.48,350,371,0.45,351,371
1,324,94,1,325,83,1,308,87,0.89,326,83,0.99,298,91,0.99,342,128,0.98,281,134,0.98,355,189,0.99,282,198,0.82,358,225,0.96,308,230,0.95,337,214,0.94,303,221,0.53,339,280,0.89,337,280,0.48,352,363,0.49,353,363
1,321,94,1,324,84,1,307,89,0.95,326,84,0.99,299,93,0.99,341,128,0.99,282,133,0.97,356,184,0.99,283,194,0.89,361,221,0.94,304,230,0.97,339,216,0.95,303,222,0.47,339,280,0.86,338,280,0.4,351,369,0.4,353,369
1,321,95,1,324,83,1,306,89,0.97,327,83,0.99,298,92,0.99,342,128,0.99,283,133,0.98,356,187,0.99,280,195,0.75,359,224,0.97,309,230,0.98,338,217,0.94,302,223,0.51,366,233,0.82,329,276,0.44,432,398,0.37,363,409
1,320,93,1,324,83,1,306,87,0.96,328,84,0.99,299,91,0.99,345,129,0.99,286,133,0.98,358,187,1,278,192,0.72,359,224,0.97,308,225,0.93,339,217,0.95,308,222,0.55,365,240,0.89,318,275,0.37,332,408,0.63,334,409
1,321,90,1,324,80,1,306,84,0.97,328,82,0.98,299,90,0.99,348,130,0.99,285,132,0.96,358,192,0.99,280,191,0.69,354,230,0.96,304,222,0.96,339,215,0.97,303,222,0.36,380,265,0.86,303,267,0.27,291,407,0.22,432,362
1,322,88,1,324,78,1,307,81,0.92,327,80,0.99,293,87,0.99,347,129,0.99,283,131,0.98,357,189,0.98,280,187,0.88,348,227,0.97,294,222,0.97,337,216,0.95,300,218,0.75,376,263,0.96,290,268,0.25,419,354,0.27,417,352
1,318,85,1,321,76,1,305,77,0.94,325,80,0.99,296,86,0.99,346,126,0.99,283,131,0.98,356,186,0.99,280,186,0.91,340,230,0.97,292,221,0.98,338,215,0.97,295,213,0.9,362,272,0.95,279,269,0.41,258,411,0.34,405,394
1,315,83,1,318,75,1,304,77,0.97,325,79,0.99,294,86,0.99,346,123,0.99,283,127,0.99,350,181,0.98,282,184,0.91,334,222,0.95,291,222,0.97,341,205,0.95,291,212,0.96,348,266,0.76,277,271,0.67,379,388,0.51,383,388
1,320,84,1,323,74,1,305,77,0.96,330,75,0.99,294,87,0.99,351,125,1,287,127,0.97,349,180,0.98,281,186,0.84,339,224,0.96,292,226,0.97,341,212,0.97,295,211,0.95,335,263,0.94,273,273,0.33,366,370,0.2,366,385
1,325,84,1,330,74,1,314,80,0.98,335,77,0.99,299,87,0.99,355,126,1,290,129,0.96,357,179,0.98,283,182,0.87,349,217,0.96,291,226,0.94,340,215,0.96,292,212,0.93,335,265,0.95,266,271,0.42,264,404,0.34,356,394
1,328,84,1,324,76,1,317,79,0.98,337,79,0.99,305,84,0.99,357,126,0.99,294,129,0.98,358,181,0.99,286,181,0.92,330,233,0.97,290,224,0.94,341,213,0.96,293,211,0.98,343,267,0.93,267,274,0.33,356,391,0.09,357,386
1,329,86,1,329,77,1,318,79,0.98,340,79,0.97,307,84,0.99,359,128,0.99,296,130,0.99,358,187,0.99,286,187,0.95,331,232,0.95,292,221,0.97,343,211,0.95,296,209,0.98,347,267,0.89,266,276,0.63,359,410,0.3,358,409
1,330,86,1,330,77,1,318,79,0.97,340,80,0.98,308,83,0.99,358,129,0.98,297,130,0.99,360,188,0.99,286,181,0.89,345,226,0.97,292,224,0.96,344,213,0.94,302,213,0.97,351,273,0.91,272,277,0.54,364,415,0.39,360,415
1,330,87,1,330,78,1,319,81,0.98,340,80,0.98,307,85,0.99,358,130,0.98,296,128,0.99,359,186,0.99,286,182,0.96,346,227,0.97,292,222,0.96,344,213,0.95,301,215,0.97,352,274,0.88,274,278,0.47,362,412,0.32,362,412
1,329,87,1,327,78,1,318,81,0.99,339,80,0.98,305,85,0.99,358,131,0.99,294,132,0.99,358,187,0.99,285,184,0.93,348,226,0.98,291,226,0.96,344,214,0.96,303,219,0.97,351,269,0.88,275,267,0.33,361,409,0.13,360,409
1,328,87,1,326,78,1,316,82,0.99,339,80,0.99,305,85,0.99,357,129,0.99,295,132,0.98,359,186,0.99,288,188,0.97,335,233,0.98,293,226,0.96,344,215,0.94,304,217,0.98,349,267,0.78,277,277,0.47,356,408,0.17,269,397
1,328,87,1,326,77,1,317,82,0.97,338,79,0.98,303,86,0.99,357,129,0.99,294,132,0.98,358,183,0.99,287,187,0.94,348,225,0.96,294,225,0.97,344,213,0.94,303,218,0.97,350,269,0.84,279,279,0.49,357,407,0.09,354,408
1,327,87,1,323,78,1,316,82,0.99,338,79,0.99,302,87,1,356,130,0.99,295,133,0.98,357,189,0.99,287,187,0.94,344,229,0.97,293,226,0.97,343,217,0.95,302,220,0.98,350,270,0.87,279,285,0.49,353,408,0.23,352,409
1,327,86,1,323,78,1,316,82,0.99,337,79,0.99,302,86,0.99,356,129,0.99,294,132,0.99,358,186,0.99,287,189,0.92,348,224,0.97,292,226,0.96,344,215,0.97,302,219,0.98,351,268,0.91,278,282,0.49,356,409,0.19,349,409
1,326,87,1,322,78,1,315,83,0.99,337,80,0.99,301,88,1,356,129,0.99,293,132,0.99,358,185,0.99,286,186,0.94,347,224,0.97,294,226,0.95,343,215,0.96,303,219,0.98,351,271,0.87,282,279,0.56,353,409,0.23,353,410
1,327,87,1,322,78,1,315,83,0.99,337,79,0.99,302,87,0.99,356,131,0.99,295,133,0.99,359,189,0.99,288,186,0.93,347,223,0.98,292,225,0.96,346,213,0.95,304,219,0.98,352,271,0.89,280,280,0.58,354,409,0.14,350,408
1,327,88,1,324,79,1,317,83,0.99,337,81,0.99,302,87,0.99,356,130,0.99,294,133,0.99,358,185,0.99,288,186,0.93,349,224,0.97,293,226,0.96,344,217,0.96,302,220,0.98,352,271,0.93,279,278,0.61,353,406,0.17,351,406
1,328,87,1,324,78,1,316,82,0.99,338,80,0.99,303,86,1,356,129,0.99,294,132,0.98,358,183,0.99,287,186,0.93,344,225,0.98,293,227,0.97,345,215,0.98,301,223,0.97,349,277,0.91,280,278,0.5,355,406,0.14,353,408
1,327,87,1,324,77,1,316,81,0.99,337,80,0.99,303,85,1,355,130,0.99,294,130,0.98,358,186,0.99,287,180,0.91,343,226,0.98,295,227,0.96,345,218,0.97,300,222,0.98,352,271,0.93,280,278,0.44,351,407,0.17,352,409
1,328,87,1,325,78,1,316,82,0.98,337,80,0.99,303,85,0.99,355,129,0.99,294,131,0.98,359,184,0.99,287,182,0.92,348,225,0.96,295,227,0.97,345,215,0.96,300,223,0.98,352,271,0.86,280,280,0.38,352,407,0.15,349,411
1,328,87,1,324,78,1,316,82,0.99,337,80,0.99,304,86,1,355,130,0.99,293,131,0.98,358,184,0.99,287,182,0.91,335,232,0.96,295,227,0.97,344,217,0.97,299,222,0.97,352,271,0.9,278,278,0.61,355,410,0.23,349,410
1,327,87,1,323,78,1,316,82,0.99,337,79,0.99,302,86,1,356,130,0.99,293,131,0.97,355,186,0.99,287,182,0.89,349,224,0.98,294,227,0.97,346,217,0.96,302,221,0.98,349,274,0.87,281,280,0.55,357,406,0.18,352,407
1,328,87,1,324,78,1,316,81,0.98,337,80,0.99,303,86,1,355,130,0.99,294,131,0.99,360,184,0.99,286,182,0.96,350,225,0.97,295,226,0.95,343,218,0.97,302,221,0.96,345,273,0.94,283,273,0.42,358,393,0.13,363,382
1,327,86,1,324,77,1,316,81,0.98,338,80,0.99,302,87,1,355,129,0.99,293,130,0.99,357,187,0.99,287,182,0.96,340,231,0.98,294,227,0.97,344,217,0.96,301,220,0.97,347,269,0.86,281,281,0.23,353,406,0.15,348,409
1,327,87,1,323,78,1,315,82,0.99,337,80,0.99,302,86,1,355,129,0.99,294,131,0.99,358,183,0.99,287,182,0.92,352,222,0.98,293,227,0.95,343,216,0.96,302,221,0.97,348,272,0.93,282,278,0.3,360,386,0.14,351,407
1,327,87,1,324,78,1,316,82,0.98,338,80,0.99,302,85,1,354,128,0.99,293,129,0.99,362,186,0.98,280,180,0.99,351,225,0.96,285,218,0.96,340,222,0.96,293,222,0.9,349,271,0.69,280,285,0.36,364,372,0.11,267,406
1,327,87,1,324,78,1,316,82,0.99,337,80,0.99,301,85,1,355,127,0.99,293,129,0.99,372,187,0.93,275,180,0.98,355,219,0.89,268,234,0.96,344,219,0.99,308,211,0.8,351,279,0.96,284,271,0.26,363,383,0.18,263,407
1,327,87,1,324,78,1,316,82,0.99,337,81,0.98,302,85,1,352,122,1,296,129,0.96,384,165,0.83,265,163,0.97,392,182,0.97,236,187,0.98,344,210,0.98,308,209,0.99,353,271,0.97,280,276,0.39,349,406,0.1,351,408
1,327,87,1,324,78,1,316,82,0.99,337,80,0.99,302,86,0.99,354,121,0.99,295,127,0.86,392,142,0.92,247,149,0.89,402,142,0.79,202,157,0.98,344,209,0.97,305,212,0.98,353,273,0.96,279,277,0.54,356,408,0.19,349,408
1,323,87,1,331,78,1,315,83,0.99,336,80,0.98,302,87,0.94,353,121,0.98,291,126,0.93,405,123,0.94,240,132,0.87,424,100,0.69,194,118,0.98,342,209,0.97,303,211,0.97,354,272,0.96,278,277,0.4,352,409,0.2,349,409
1,322,87,0.99,330,77,1,309,82,0.99,336,80,0.98,304,87,0.91,358,114,0.97,290,122,0.87,406,110,0.95,241,118,0.79,426,64,0.69,204,82,0.97,340,210,0.98,303,210,0.98,354,271,0.97,279,278,0.45,356,409,0.14,349,408
1,322,87,0.99,330,77,1,309,83,0.99,335,79,0.96,305,87,0.92,358,113,0.96,289,120,0.83,400,97,0.9,238,108,0.72,419,43,0.68,220,62,0.97,343,210,0.98,304,212,0.97,355,272,0.97,280,274,0.52,357,407,0.22,348,406
0.99,325,86,0.99,332,78,1,310,82,0.99,335,81,0.98,306,86,0.95,357,113,0.96,289,119,0.94,407,84,0.85,238,108,0.57,408,29,0.77,231,51,0.97,341,209,0.98,302,212,0.98,356,272,0.95,279,278,0.51,355,407,0.15,348,408
1,324,87,0.99,331,78,1,309,82,0.99,334,81,0.97,306,87,0.94,358,112,0.97,290,120,0.93,406,86,0.83,242,101,0.65,407,30,0.83,236,45,0.98,342,212,0.98,303,213,0.97,356,271,0.94,280,279,0.47,352,407,0.25,352,408
1,324,87,0.99,331,78,1,309,83,0.99,336,80,0.98,305,86,0.95,358,112,0.97,290,118,0.94,408,88,0.81,240,102,0.63,408,29,0.82,234,43,0.97,340,209,0.98,303,211,0.98,355,269,0.97,279,275,0.42,354,402,0.18,351,406
1,323,87,0.99,330,78,1,308,83,0.99,333,80,0.97,306,86,0.94,356,111,0.96,291,121,0.92,408,88,0.9,236,108,0.59,411,42,0.68,231,49,0.97,341,209,0.98,303,211,0.98,355,268,0.98,280,274,0.56,353,407,0.18,266,404
1,323,88,1,330,78,1,311,83,0.99,336,80,0.98,306,86,0.94,360,113,0.96,290,120,0.89,410,91,0.88,241,106,0.64,408,39,0.66,231,50,0.97,343,209,0.98,303,211,0.97,355,270,0.96,279,277,0.51,353,408,0.27,352,408
1,323,88,0.99,330,78,1,310,82,0.99,334,80,0.98,306,86,0.93,360,113,0.97,290,120,0.91,406,99,0.84,237,105,0.61,233,53,0.72,228,51,0.97,342,208,0.99,303,212,0.97,355,271,0.96,281,277,0.59,356,408,0.2,349,409
0.99,327,87,0.99,322,79,1,316,83,0.98,336,79,0.99,307,87,0.95,352,118,0.96,291,126,0.89,411,106,0.87,237,121,0.76,422,64,0.73,227,70,0.98,341,210,0.98,303,211,0.98,356,272,0.97,280,276,0.33,356,411,0.17,349,411
0.99,324,87,0.99,329,78,1,309,83,0.99,337,80,0.99,304,88,0.96,352,120,0.99,294,126,0.95,402,130,0.91,246,132,0.78,425,104,0.75,203,93,0.98,345,208,0.99,304,211,0.98,355,270,0.96,280,277,0.55,354,411,0.2,352,412
1,323,88,1,330,78,1,309,83,0.99,336,80,0.97,302,87,0.96,355,120,0.98,296,127,0.9,397,141,0.95,250,142,0.95,413,155,0.68,209,141,0.97,347,210,0.98,306,210,0.97,355,275,0.95,279,278,0.35,356,408,0.13,266,408
1,323,89,1,331,78,1,315,84,0.99,337,80,0.98,302,87,0.99,355,122,0.99,299,126,0.92,392,155,0.95,256,155,0.95,406,193,0.91,212,176,0.98,346,208,0.99,308,209,0.98,354,273,0.96,279,278,0.58,359,406,0.15,357,406
1,324,90,1,331,80,1,316,85,1,337,81,0.97,302,87,0.99,355,125,0.99,297,128,0.98,383,176,0.97,264,174,0.91,392,231,0.45,394,232,0.98,342,208,0.99,308,208,0.98,355,271,0.96,278,275,0.5,358,407,0.16,352,407
1,323,91,1,330,81,1,315,87,0.99,337,82,0.9,302,89,1,355,126,0.99,296,131,0.96,375,185,0.94,273,180,0.83,393,242,0.58,251,242,0.98,342,210,0.98,308,211,0.96,352,273,0.94,278,278,0.42,356,405,0.17,354,407
1,322,89,1,330,80,1,310,85,1,336,82,0.93,301,89,0.99,357,127,0.99,297,132,0.85,377,178,0.93,276,179,0.61,392,234,0.33,268,224,0.98,342,210,0.98,304,210,0.98,353,274,0.98,281,272,0.55,359,407,0.19,268,405
1,323,90,1,330,80,1,310,86,1,337,82,0.93,301,89,0.98,359,126,0.99,297,134,0.83,382,184,0.92,277,181,0.55,404,240,0.3,407,240,0.98,341,210,0.98,305,211,0.98,355,272,0.98,281,273,0.47,359,408,0.18,269,411
1,323,92,1,330,81,1,310,87,1,338,82,0.91,301,90,0.98,360,125,0.99,297,134,0.86,391,172,0.96,272,179,0.6,408,221,0.5,247,230,0.99,343,211,0.97,309,212,0.98,355,271,0.98,281,273,0.52,356,408,0.28,350,408
1,324,92,1,330,81,1,316,87,1,337,82,0.9,302,89,0.98,361,124,0.99,299,132,0.95,387,156,0.94,258,172,0.89,408,190,0.93,220,204,0.99,345,208,0.99,310,208,0.98,354,272,0.97,279,274,0.65,356,410,0.29,355,409
1,324,92,1,330,81,1,310,87,1,337,82,0.92,301,90,0.98,355,122,0.98,300,128,0.94,386,147,0.95,253,151,0.94,407,164,0.89,208,166,0.98,344,207,0.98,306,208,0.98,355,272,0.94,278,278,0.62,358,410,0.19,357,409
1,323,90,1,330,81,1,310,85,1,337,82,0.96,302,88,0.96,360,119,0.99,293,129,0.93,394,138,0.96,249,140,0.93,413,138,0.36,214,134,0.98,343,207,0.98,305,210,0.98,356,269,0.96,280,276,0.56,356,411,0.22,261,405
1,324,90,0.99,330,80,1,309,86,1,336,81,0.96,303,88,0.92,359,113,0.98,291,125,0.9,409,129,0.88,244,124,0.68,426,100,0.75,198,99,0.98,346,209,0.98,304,210,0.97,356,271,0.96,280,275,0.64,358,408,0.26,358,409
1,322,90,0.99,329,81,1,309,85,0.99,336,80,0.9,305,86,0.9,360,112,0.96,290,119,0.88,415,117,0.93,239,117,0.71,426,76,0.76,215,68,0.98,343,208,0.99,304,210,0.96,356,272,0.96,281,275,0.55,360,407,0.12,357,406
1,324,90,0.99,330,81,1,310,86,0.99,336,79,0.93,304,85,0.89,360,111,0.95,289,120,0.9,416,109,0.83,238,114,0.74,423,63,0.77,221,63,0.97,342,208,0.98,302,211,0.97,356,273,0.95,280,278,0.51,358,409,0.11,359,409
1,323,90,0.99,328,82,1,308,86,0.99,336,80,0.88,305,85,0.88,360,111,0.97,291,118,0.83,416,107,0.88,240,118,0.66,420,59,0.8,233,64,0.98,343,209,0.99,303,210,0.97,356,270,0.89,279,277,0.41,354,412,0.2,351,410
1,324,90,0.99,331,82,1,310,86,0.99,338,79,0.87,304,85,0.88,360,112,0.96,291,118,0.91,419,108,0.82,240,115,0.66,410,58,0.83,235,67,0.97,341,208,0.98,303,209,0.98,355,269,0.98,280,273,0.7,355,410,0.23,356,409
1,324,90,0.99,331,81,1,311,86,0.99,337,80,0.91,305,85,0.86,353,115,0.96,289,118,0.88,420,108,0.73,241,115,0.71,411,60,0.69,233,64,0.98,344,209,0.98,303,211,0.97,356,272,0.97,280,276,0.36,358,412,0.11,353,409
1,322,90,0.99,329,81,1,309,87,0.99,336,80,0.86,304,86,0.84,360,111,0.98,290,118,0.79,412,117,0.84,237,115,0.66,409,69,0.83,228,64,0.97,341,207,0.98,303,211,0.97,356,272,0.97,280,275,0.51,355,411,0.15,352,409
1,322,91,0.99,329,81,1,310,88,1,336,79,0.92,303,87,0.89,351,119,0.98,292,122,0.88,417,123,0.86,243,130,0.78,412,80,0.83,219,86,0.97,344,210,0.97,303,210,0.98,356,269,0.96,281,277,0.7,359,410,0.22,359,409
1,324,92,1,330,81,1,310,89,1,336,81,0.91,303,89,0.96,355,121,0.98,294,126,0.76,412,139,0.97,250,135,0.91,420,122,0.65,207,112,0.98,346,209,0.99,306,209,0.97,356,271,0.96,279,276,0.56,359,413,0.15,353,411
1,324,92,1,331,81,1,311,88,1,337,81,0.97,302,89,0.97,356,121,0.97,298,123,0.87,398,136,0.96,255,147,0.89,413,140,0.71,211,141,0.98,344,208,0.99,306,207,0.97,356,271,0.92,278,279,0.63,355,412,0.22,352,409
1,325,92,1,331,81,1,317,87,1,338,81,0.95,304,88,0.99,357,122,0.99,301,126,0.89,400,154,0.91,263,153,0.97,415,171,0.97,221,176,0.98,345,209,0.98,307,208,0.97,356,271,0.95,277,278,0.65,359,407,0.29,358,407
1,325,92,1,324,83,1,317,86,1,338,82,0.91,304,88,0.99,353,123,0.99,298,127,0.95,393,168,0.95,273,173,0.83,406,194,0.52,242,225,0.98,344,211,0.99,307,210,0.97,355,273,0.94,276,278,0.61,358,411,0.16,352,409
1,327,91,1,324,83,1,317,86,1,338,82,0.95,303,88,0.98,357,122,0.99,298,127,0.91,389,170,0.93,280,172,0.96,402,222,0.26,393,222,0.98,342,211,0.99,306,208,0.97,356,273,0.95,277,276,0.79,360,409,0.15,359,408
1,325,90,1,332,80,1,316,86,0.99,337,81,0.96,301,87,0.99,360,122,0.99,296,128,0.95,387,175,0.97,284,180,0.85,392,236,0.69,393,235,0.96,342,212,0.99,304,210,0.97,355,272,0.97,279,274,0.6,359,410,0.16,261,402
1,325,91,1,331,81,1,315,87,1,335,82,0.97,300,89,0.99,355,125,0.99,293,130,0.85,378,175,0.98,287,181,0.37,269,406,0.34,268,409,0.98,341,211,0.99,302,210,0.97,355,269,0.95,278,271,0.56,360,412,0.2,359,411
1,324,91,1,331,81,1,311,88,0.99,334,81,0.95,300,89,0.99,354,126,0.99,293,129,0.95,370,176,0.92,285,181,0.36,3,12,0.28,268,400,0.97,341,210,0.98,300,212,0.96,355,272,0.95,279,274,0.54,358,410,0.15,351,411
1,325,91,1,331,81,1,311,88,0.99,334,82,0.97,300,90,0.99,355,125,0.99,294,129,0.87,376,175,0.93,278,176,0.48,264,239,0.75,263,237,0.98,341,210,0.99,303,211,0.96,355,272,0.94,277,281,0.64,360,409,0.22,359,408
1,324,90,1,329,81,1,310,87,0.99,334,81,0.97,299,89,0.99,354,123,1,293,129,0.93,380,169,0.87,273,179,0.58,412,224,0.28,273,364,0.98,341,210,0.98,306,211,0.97,355,272,0.96,279,275,0.62,358,412,0.17,357,412
1,322,92,1,328,81,1,309,89,1,335,81,0.93,299,91,0.99,358,121,1,296,129,0.92,387,155,0.84,255,167,0.93,408,197,0.45,212,199,0.99,345,208,0.98,309,209,0.96,355,271,0.95,278,278,0.61,357,412,0.25,352,412
1,323,90,1,329,80,1,310,88,0.99,333,81,0.97,299,91,0.98,357,119,0.99,294,127,0.95,394,147,0.94,245,152,0.97,412,163,0.43,268,407,0.97,344,210,0.97,306,211,0.97,356,272,0.97,278,277,0.67,356,411,0.24,352,409
1,315,91,1,326,81,1,307,87,1,334,81,0.93,296,89,0.96,354,120,0.99,289,126,0.94,397,138,0.89,237,141,0.93,412,136,0.36,181,140,0.97,344,210,0.97,305,212,0.97,356,270,0.94,277,278,0.53,361,407,0.11,352,408
1,316,91,1,325,81,1,307,87,1,332,81,0.94,297,89,0.92,351,122,0.99,289,125,0.9,411,131,0.94,236,133,0.84,428,102,0.2,267,402,0.98,345,211,0.98,303,212,0.97,357,270,0.93,278,279,0.67,356,410,0.18,352,409
1,316,92,0.99,325,81,1,307,88,0.99,332,79,0.9,298,88,0.88,360,118,0.98,289,126,0.78,416,125,0.92,240,130,0.75,423,83,0.9,202,94,0.98,345,210,0.98,304,211,0.97,357,272,0.94,277,278,0.67,359,411,0.16,353,410
1,316,92,0.99,327,81,1,308,89,0.99,334,79,0.94,299,88,0.9,354,121,0.98,290,125,0.86,413,119,0.84,243,130,0.73,418,70,0.89,216,82,0.97,343,211,0.98,302,210,0.97,357,270,0.97,280,273,0.34,359,410,0.08,351,411
1,322,90,0.99,329,81,1,309,88,0.99,333,79,0.97,300,88,0.84,360,115,0.96,288,125,0.8,414,117,0.85,239,125,0.63,420,64,0.84,219,83,0.97,344,211,0.98,302,211,0.96,358,273,0.97,279,274,0.62,358,411,0.22,352,409
1,316,92,0.99,327,81,1,307,88,1,333,80,0.9,298,89,0.86,358,115,0.98,289,125,0.85,414,111,0.8,241,125,0.63,419,63,0.84,219,80,0.97,342,209,0.98,303,211,0.96,357,272,0.92,278,279,0.53,359,408,0.12,361,410
1,316,91,0.99,328,81,1,307,87,0.99,334,80,0.93,299,88,0.91,360,115,0.98,288,124,0.9,413,112,0.85,241,127,0.77,416,68,0.83,219,78,0.98,342,211,0.98,302,211,0.97,356,268,0.93,278,278,0.45,358,409,0.16,352,408
1,316,90,0.99,328,81,1,308,87,0.99,333,81,0.94,299,88,0.85,359,114,0.98,287,124,0.84,414,112,0.8,242,127,0.81,416,69,0.86,218,78,0.97,344,213,0.98,303,212,0.97,358,272,0.95,279,276,0.68,361,411,0.19,360,411
1,316,91,0.99,327,81,1,307,87,1,333,80,0.92,298,88,0.9,359,115,0.98,287,124,0.85,411,113,0.77,238,129,0.76,421,69,0.87,219,81,0.98,343,211,0.98,303,211,0.97,357,272,0.97,279,274,0.63,357,412,0.13,357,411
1,316,90,0.99,326,81,1,307,86,0.99,333,81,0.92,299,88,0.88,358,114,0.98,287,124,0.85,412,114,0.79,241,129,0.78,415,73,0.85,219,82,0.97,343,212,0.98,302,211,0.98,358,272,0.96,278,278,0.5,358,410,0.12,352,408
1,316,90,0.99,326,81,1,307,87,1,333,81,0.95,299,88,0.88,359,115,0.98,291,122,0.89,416,111,0.86,243,132,0.83,417,73,0.8,218,84,0.97,343,210,0.98,303,210,0.97,357,272,0.97,279,275,0.7,359,410,0.2,358,409
1,316,90,0.99,326,81,1,308,87,0.99,333,80,0.94,298,88,0.87,359,115,0.98,289,124,0.92,415,113,0.92,241,133,0.78,420,73,0.73,219,82,0.97,343,210,0.98,304,210,0.97,357,272,0.94,278,279,0.72,358,409,0.25,354,408
1,316,90,0.99,326,81,1,307,87,0.99,333,80,0.94,299,89,0.89,352,119,0.98,290,126,0.86,414,112,0.89,240,133,0.85,419,73,0.76,215,83,0.97,343,209,0.98,303,210,0.97,357,271,0.93,277,278,0.59,356,411,0.19,352,410
1,316,92,0.99,326,81,1,307,86,1,333,80,0.9,299,89,0.87,357,114,0.98,290,123,0.91,413,113,0.95,240,133,0.84,419,74,0.81,215,84,0.97,345,210,0.98,303,210,0.96,358,273,0.94,279,278,0.61,358,409,0.15,352,409
1,316,91,0.99,326,81,1,307,85,1,333,81,0.91,299,89,0.9,357,114,0.98,290,124,0.88,413,113,0.92,241,133,0.79,419,73,0.81,219,86,0.97,343,208,0.98,303,210,0.97,355,271,0.93,279,277,0.59,357,409,0.13,351,409
1,316,92,0.99,327,81,1,308,85,0.99,333,80,0.9,300,88,0.88,359,114,0.98,289,123,0.91,413,114,0.92,243,131,0.82,419,70,0.75,216,83,0.97,343,210,0.98,303,210,0.96,356,271,0.96,279,276,0.58,360,409,0.16,351,408
1,321,92,0.99,328,81,1,308,85,0.99,333,79,0.9,301,89,0.87,359,113,0.98,290,124,0.89,416,113,0.87,243,132,0.75,418,70,0.8,222,84,0.97,342,208,0.98,302,209,0.97,357,273,0.93,278,278,0.39,261,407,0.13,262,409
1,315,91,0.99,325,82,1,307,85,0.99,334,80,0.89,299,88,0.88,358,114,0.98,289,122,0.88,412,111,0.89,243,131,0.8,418,70,0.8,221,87,0.97,342,209,0.98,302,211,0.97,357,272,0.95,278,277,0.5,358,409,0.16,358,408
1,315,91,0.99,326,81,1,307,87,0.99,333,80,0.9,299,87,0.85,358,114,0.98,290,123,0.84,415,112,0.87,245,130,0.81,418,70,0.84,223,81,0.97,342,210,0.98,301,212,0.97,357,271,0.94,278,277,0.59,361,408,0.16,360,406
1,316,92,0.99,326,81,1,307,85,0.99,333,80,0.86,299,89,0.88,359,114,0.98,290,123,0.87,414,111,0.83,243,130,0.78,419,71,0.86,224,79,0.97,342,209,0.98,302,210,0.97,357,271,0.95,279,278,0.59,356,409,0.18,353,409
1,315,91,0.99,326,81,1,307,85,0.99,334,80,0.89,299,87,0.87,362,114,0.98,287,122,0.86,417,108,0.92,241,125,0.82,426,71,0.84,228,80,0.96,342,211,0.99,302,210,0.97,357,272,0.92,279,277,0.51,356,408,0.21,260,405
1,322,90,0.99,328,81,1,308,87,0.99,332,80,0.94,300,88,0.89,354,118,0.97,289,123,0.79,415,110,0.89,242,128,0.86,417,73,0.86,229,83,0.97,344,212,0.98,302,211,0.96,357,273,0.94,278,278,0.52,361,409,0.11,350,410
1,316,91,0.99,328,81,1,308,88,0.99,334,79,0.91,300,87,0.85,362,114,0.97,289,123,0.8,416,109,0.84,241,126,0.79,416,72,0.84,226,78,0.97,344,210,0.98,302,212,0.96,357,272,0.94,278,278,0.65,358,411,0.17,357,409
1,315,92,0.99,327,81,1,307,85,0.99,333,79,0.91,300,89,0.84,356,115,0.98,288,124,0.9,419,109,0.89,242,126,0.79,414,72,0.83,232,79,0.97,344,211,0.98,302,210,0.97,358,272,0.97,279,275,0.58,362,409,0.16,260,409
1,315,92,0.99,326,81,1,307,85,0.99,333,80,0.9,300,88,0.85,360,114,0.98,289,123,0.9,419,108,0.84,239,125,0.85,413,73,0.83,229,78,0.96,342,211,0.98,301,211,0.96,356,266,0.96,278,277,0.46,359,408,0.08,351,409
1,316,92,0.98,326,81,1,307,85,0.99,333,79,0.86,300,88,0.84,362,112,0.97,290,123,0.88,417,109,0.8,240,126,0.8,409,69,0.84,230,78,0.97,343,210,0.98,302,211,0.97,357,271,0.96,279,275,0.73,359,409,0.15,358,408
1,316,92,0.99,326,81,1,307,85,0.99,333,80,0.87,299,89,0.82,356,117,0.97,289,124,0.9,419,108,0.85,242,123,0.84,412,70,0.79,231,78,0.97,343,212,0.98,303,211,0.97,357,270,0.97,278,275,0.67,356,409,0.18,356,408
1,316,91,0.99,327,81,1,308,85,0.99,333,80,0.9,300,89,0.91,358,114,0.97,291,123,0.88,418,110,0.8,242,125,0.82,412,72,0.72,234,77,0.98,344,211,0.98,303,212,0.96,357,272,0.96,279,274,0.61,357,410,0.14,351,409
1,315,92,0.99,324,82,1,307,85,0.99,333,81,0.87,300,88,0.82,360,114,0.97,289,122,0.91,417,110,0.8,245,126,0.82,415,73,0.77,233,78,0.97,344,211,0.98,302,213,0.97,357,272,0.95,280,275,0.5,361,407,0.07,364,394
1,315,92,0.99,325,81,1,307,86,0.99,334,79,0.85,299,89,0.89,360,114,0.97,288,123,0.93,416,108,0.79,240,122,0.8,413,73,0.78,229,76,0.97,344,210,0.98,303,212,0.98,358,271,0.96,279,274,0.43,361,412,0.07,360,411
1,315,91,0.99,325,81,1,307,85,0.99,332,80,0.89,299,88,0.89,359,114,0.97,289,123,0.87,417,109,0.73,238,119,0.79,414,73,0.8,229,69,0.97,342,209,0.98,302,211,0.97,357,269,0.94,280,275,0.65,356,411,0.19,354,410
1,316,92,0.99,325,81,1,307,86,0.99,333,80,0.87,299,89,0.89,359,113,0.97,288,123,0.91,416,109,0.73,241,117,0.82,414,72,0.6,224,70,0.97,342,210,0.98,302,211,0.97,357,272,0.94,279,277,0.58,358,411,0.13,352,409
1,315,91,0.99,325,81,1,307,85,0.99,332,81,0.88,299,89,0.86,358,114,0.96,289,122,0.93,420,109,0.74,238,121,0.86,414,74,0.71,229,73,0.97,343,209,0.98,302,211,0.96,357,271,0.94,278,277,0.58,362,403,0.11,360,402
0.99,316,91,0.98,326,81,1,308,88,0.99,332,79,0.88,300,89,0.78,357,117,0.97,289,123,0.92,420,110,0.53,242,121,0.82,415,73,0.63,227,68,0.97,342,210,0.98,303,212,0.98,357,269,0.92,278,278,0.59,357,410,0.13,352,409
1,315,92,0.99,326,81,1,307,85,0.99,333,80,0.9,300,89,0.84,359,114,0.97,290,123,0.88,419,110,0.73,239,123,0.8,412,73,0.69,230,76,0.97,342,209,0.98,303,210,0.96,356,271,0.96,278,274,0.6,360,410,0.17,350,408
1,315,91,0.99,325,81,1,307,87,0.99,333,80,0.89,299,88,0.85,361,113,0.96,287,123,0.93,418,110,0.53,237,120,0.82,412,73,0.67,229,68,0.97,344,210,0.98,304,211,0.97,357,270,0.97,281,273,0.54,359,411,0.14,352,411
1,316,91,0.99,326,80,1,308,85,0.99,333,78,0.91,300,89,0.83,359,113,0.97,288,122,0.93,418,109,0.77,241,121,0.86,411,72,0.72,230,67,0.97,344,212,0.98,303,211,0.97,356,272,0.96,279,276,0.7,360,409,0.18,360,409
1,316,91,0.99,325,81,1,306,87,0.99,334,80,0.88,298,87,0.78,361,114,0.98,287,121,0.92,417,108,0.63,239,119,0.83,410,73,0.73,225,68,0.97,343,210,0.98,303,211,0.96,356,270,0.95,280,276,0.67,356,412,0.14,350,410
1,316,91,0.99,323,81,1,307,84,0.99,333,81,0.89,299,88,0.86,358,114,0.97,287,122,0.92,418,107,0.67,237,120,0.83,412,73,0.68,233,64,0.97,343,209,0.98,301,211,0.97,357,271,0.95,280,276,0.61,358,411,0.17,355,409
1,316,93,0.99,324,82,1,307,86,1,333,80,0.93,298,92,0.86,360,114,0.98,287,122,0.91,419,109,0.71,238,121,0.83,410,73,0.68,231,67,0.97,342,210,0.98,302,211,0.97,355,269,0.96,279,277,0.49,358,412,0.19,351,413
1,315,91,0.99,326,81,1,308,88,0.99,332,81,0.95,299,88,0.81,359,114,0.98,291,121,0.94,418,109,0.75,240,122,0.84,410,73,0.73,232,71,0.97,342,212,0.99,303,211,0.97,356,272,0.95,279,277,0.63,361,407,0.11,361,407
1,316,91,0.99,326,81,1,307,85,0.99,332,80,0.9,300,89,0.8,359,113,0.98,291,122,0.92,420,109,0.75,240,120,0.82,411,73,0.58,231,69,0.97,343,211,0.98,302,212,0.96,357,270,0.96,280,275,0.38,358,410,0.07,354,412
1,322,91,0.99,328,81,1,309,88,0.99,332,80,0.94,300,87,0.86,360,115,0.97,289,121,0.94,417,109,0.82,238,122,0.81,410,73,0.64,226,72,0.98,343,210,0.97,303,212,0.97,357,271,0.94,280,275,0.54,360,408,0.11,352,407
1,322,92,0.99,328,81,1,309,88,0.99,333,80,0.91,299,87,0.85,359,114,0.97,290,123,0.92,419,108,0.74,237,121,0.89,408,74,0.74,230,68,0.97,341,209,0.98,302,211,0.97,357,272,0.93,279,278,0.59,358,409,0.14,353,408
1,322,90,0.99,327,80,1,308,87,0.99,333,80,0.95,299,88,0.83,362,114,0.97,290,124,0.87,419,108,0.6,239,120,0.8,408,74,0.68,233,70,0.97,342,211,0.97,303,213,0.97,356,267,0.96,279,277,0.53,360,407,0.11,351,407
1,321,92,0.99,327,81,1,309,88,0.99,332,81,0.96,299,89,0.86,360,112,0.98,290,124,0.82,418,107,0.59,238,119,0.85,408,73,0.71,234,69,0.97,342,210,0.98,302,212,0.97,356,270,0.94,278,278,0.68,358,409,0.21,359,406
1,321,91,1,326,81,1,307,88,0.99,332,80,0.94,298,88,0.88,360,113,0.97,289,124,0.85,420,108,0.65,238,122,0.9,408,73,0.7,233,68,0.97,343,210,0.98,303,211,0.95,357,273,0.92,281,277,0.38,361,409,0.11,259,401
1,321,91,0.99,326,80,1,308,87,0.99,334,79,0.96,299,88,0.83,364,112,0.97,290,123,0.9,419,108,0.69,238,121,0.87,408,73,0.67,234,71,0.97,342,209,0.98,303,212,0.97,356,270,0.96,279,274,0.42,361,410,0.08,352,407
1,321,92,0.99,327,81,1,309,85,0.99,333,79,0.93,299,89,0.88,363,114,0.97,290,124,0.88,418,107,0.67,238,120,0.87,409,72,0.74,234,67,0.97,343,210,0.98,303,213,0.96,357,272,0.97,280,275,0.47,359,409,0.11,352,408
1,320,91,0.99,325,81,1,307,87,0.99,332,80,0.95,299,87,0.86,361,114,0.98,290,124,0.87,417,106,0.7,238,121,0.88,410,73,0.72,233,71,0.98,344,210,0.98,303,212,0.97,355,266,0.97,280,274,0.6,360,409,0.14,353,410
1,316,91,0.99,326,81,1,308,87,0.99,332,79,0.96,300,88,0.87,362,114,0.98,290,125,0.9,420,107,0.67,238,119,0.88,409,73,0.6,233,68,0.97,342,211,0.98,303,213,0.98,355,267,0.96,280,275,0.33,359,409,0.1,353,410
1,321,93,0.99,327,81,1,308,86,1,333,79,0.93,298,89,0.86,361,113,0.97,289,123,0.87,417,108,0.65,239,120,0.86,408,73,0.73,233,68,0.97,343,210,0.98,302,212,0.97,356,270,0.95,278,279,0.53,359,407,0.15,352,407
1,317,93,0.99,325,81,1,307,87,0.99,332,79,0.91,298,90,0.83,359,115,0.97,290,123,0.81,418,110,0.73,240,121,0.83,410,73,0.54,234,71,0.98,344,210,0.98,304,211,0.97,357,268,0.96,279,277,0.68,360,408,0.2,360,408
1,317,92,0.99,324,81,1,307,88,1,333,80,0.93,298,90,0.83,360,114,0.97,290,124,0.83,415,110,0.78,236,120,0.86,409,74,0.67,234,71,0.97,343,211,0.98,303,212,0.97,357,271,0.94,278,279,0.62,360,410,0.14,352,410
1,316,94,0.99,324,82,1,307,87,1,333,79,0.87,298,89,0.81,361,114,0.97,290,124,0.85,415,110,0.8,240,121,0.88,409,73,0.75,233,71,0.97,342,210,0.97,302,213,0.97,356,269,0.96,280,277,0.33,359,409,0.07,352,407
0.99,316,91,0.99,325,81,1,307,87,0.99,333,80,0.89,297,88,0.81,357,120,0.97,289,123,0.91,417,112,0.72,241,121,0.8,410,73,0.74,233,69,0.97,343,210,0.98,303,214,0.98,356,268,0.95,280,277,0.52,359,411,0.14,351,408
1,322,92,0.99,327,81,1,309,88,1,334,79,0.94,299,88,0.88,354,119,0.97,289,124,0.89,414,113,0.79,237,122,0.78,412,73,0.68,232,69,0.97,343,211,0.98,302,212,0.97,357,272,0.94,278,277,0.58,358,409,0.12,357,409
1,316,92,0.99,325,81,1,308,87,0.99,332,81,0.91,298,89,0.89,354,119,0.97,289,122,0.88,416,114,0.63,239,120,0.83,411,72,0.78,232,67,0.98,343,210,0.98,302,211,0.97,357,273,0.97,280,274,0.54,361,408,0.08,360,407
1,316,92,0.99,327,81,1,308,87,0.99,333,80,0.92,299,89,0.87,354,119,0.98,289,123,0.9,416,111,0.62,237,123,0.84,414,73,0.73,228,67,0.97,343,209,0.98,303,212,0.98,358,271,0.96,280,275,0.38,359,409,0.13,351,409
